timeDate,close,open,volumefrom
2010-07-16,0.04951,0.04951,20.0
2010-07-17,0.08584,0.04951,75.01
2010-07-18,0.0808,0.08584,574.0
2010-07-19,0.07474,0.0808,262.0
2010-07-20,0.07921,0.07474,575.0
2010-07-21,0.0505,0.07921,2160.0
2010-07-22,0.06262,0.0505,2402.5
2010-07-23,0.05454,0.06262,496.32
2010-07-24,0.0505,0.05454,1551.48
2010-07-25,0.056,0.0505,877.0
2010-07-26,0.06,0.056,3373.69
2010-07-27,0.0589,0.06,4390.29
2010-07-28,0.0699,0.0589,8058.49
2010-07-29,0.0627,0.0699,3020.85
2010-07-30,0.06785,0.0627,4022.25
2010-07-31,0.0611,0.06785,2601.0
2010-08-01,0.06,0.0611,3599.0
2010-08-02,0.06,0.06,9821.46
2010-08-03,0.057,0.06,3494.0
2010-08-04,0.061,0.057,5034.07
2010-08-05,0.0623,0.061,1395.0
2010-08-06,0.059,0.0623,2619.0
2010-08-07,0.0609,0.059,2201.0
2010-08-08,0.071,0.0609,13631.09
2010-08-09,0.07,0.071,1310.39
2010-08-10,0.067,0.07,14061.18
2010-08-11,0.07,0.067,2062.31
2010-08-12,0.0645,0.07,3591.77
2010-08-13,0.067,0.0645,4404.2
2010-08-14,0.06529,0.067,4462.87
2010-08-15,0.0655,0.06529,10731.47
2010-08-16,0.07,0.0655,13185.74
2010-08-17,0.068,0.07,2953.98
2010-08-18,0.0667,0.068,741.12
2010-08-19,0.0655,0.0667,4199.75
2010-08-20,0.0664,0.0655,10443.86
2010-08-21,0.066,0.0664,18648.97
2010-08-22,0.06491,0.066,4297.49
2010-08-23,0.065,0.06491,6711.76
2010-08-24,0.0648,0.065,4228.88
2010-08-25,0.064,0.0648,3870.01
2010-08-26,0.065,0.064,9009.97
2010-08-27,0.0641,0.065,6174.01
2010-08-28,0.064,0.0641,3173.4
2010-08-29,0.06497,0.064,34193.14
2010-08-30,0.06,0.06497,14886.91
2010-08-31,0.0629,0.06,7164.72
2010-09-01,0.0634,0.0629,8150.73
2010-09-02,0.06085,0.0634,892.0
2010-09-03,0.06238,0.06085,3301.0
2010-09-04,0.0616,0.06238,8459.24
2010-09-05,0.0616,0.0616,910.0
2010-09-06,0.061,0.0616,3457.19
2010-09-07,0.062,0.061,2345.41
2010-09-08,0.06111,0.062,1733.5
2010-09-09,0.0618,0.06111,4939.79
2010-09-10,0.06366,0.0618,7749.14
2010-09-11,0.0615,0.06366,793.88
2010-09-12,0.06219,0.0615,10076.34
2010-09-13,0.06199,0.06219,14014.81
2010-09-14,0.0604,0.06199,3651.85
2010-09-15,0.0619,0.0604,730.0
2010-09-16,0.059,0.0619,7262.0
2010-09-17,0.061,0.059,7092.61
2010-09-18,0.0627,0.061,12852.17
2010-09-19,0.0621,0.0627,14307.94
2010-09-20,0.06265,0.0621,5735.95
2010-09-21,0.0622,0.06265,11560.4
2010-09-22,0.06231,0.0622,15505.33
2010-09-23,0.0622,0.06231,684.38
2010-09-24,0.06202,0.0622,2152.5
2010-09-25,0.062,0.06202,12058.13
2010-09-26,0.0622,0.062,10752.25
2010-09-27,0.0619,0.0622,7086.15
2010-09-28,0.06191,0.0619,23475.64
2010-09-29,0.0619,0.06191,7917.03
2010-09-30,0.06197,0.0619,1717.45
2010-10-01,0.0614,0.06197,13059.74
2010-10-02,0.06111,0.0614,7172.63
2010-10-03,0.0613,0.06111,33995.37
2010-10-04,0.0614,0.0613,27526.61
2010-10-05,0.06281,0.0614,33433.3
2010-10-06,0.067,0.06281,43692.98
2010-10-07,0.08685,0.067,139287.29
2010-10-08,0.0938,0.08685,187846.95
2010-10-09,0.0965,0.0938,50684.19
2010-10-10,0.095,0.0965,14092.91
2010-10-11,0.0949,0.095,25660.75
2010-10-12,0.105,0.0949,47557.27
2010-10-13,0.102,0.105,37217.28
2010-10-14,0.105,0.102,24643.33
2010-10-15,0.101,0.105,6284.71
2010-10-16,0.102,0.101,18222.19
2010-10-17,0.1024,0.102,25665.09
2010-10-18,0.097,0.1024,6235.1
2010-10-19,0.099,0.097,31855.0
2010-10-20,0.107,0.099,44867.0
2010-10-21,0.1025,0.107,34603.91
2010-10-22,0.1055,0.1025,4423.47
2010-10-23,0.115,0.1055,13800.23
2010-10-24,0.132,0.115,30299.64
2010-10-25,0.1503,0.132,19219.13
2010-10-26,0.1877,0.1503,65605.87
2010-10-27,0.1731,0.1877,21525.04
2010-10-28,0.19,0.1731,28686.85
2010-10-29,0.1989,0.19,26708.94
2010-10-30,0.1925,0.1989,40337.76
2010-10-31,0.1955,0.1925,21258.61
2010-11-01,0.1938,0.1955,5853.39
2010-11-02,0.1931,0.1938,61472.63
2010-11-03,0.23,0.1931,29698.43
2010-11-04,0.26,0.23,36622.07
2010-11-05,0.39,0.26,32756.13
2010-11-06,0.34,0.39,77218.72
2010-11-07,0.243,0.34,118203.83
2010-11-08,0.21,0.243,47983.39
2010-11-09,0.24,0.21,30387.03
2010-11-10,0.2231,0.24,5031.88
2010-11-11,0.2682,0.2231,40720.39
2010-11-12,0.276,0.2682,21915.57
2010-11-13,0.279,0.276,16844.33
2010-11-14,0.2682,0.279,8507.74
2010-11-15,0.223,0.2682,33931.01
2010-11-16,0.2299,0.223,32871.6
2010-11-17,0.2678,0.2299,37446.67
2010-11-18,0.28,0.2678,2157.56
2010-11-19,0.283,0.28,14652.69
2010-11-20,0.2767,0.283,765.0
2010-11-21,0.2879,0.2767,28205.85
2010-11-22,0.2829,0.2879,4856.92
2010-11-23,0.283,0.2829,2514.91
2010-11-24,0.28,0.283,1679.6
2010-11-25,0.2844,0.28,33531.88
2010-11-26,0.283,0.2844,1825.39
2010-11-27,0.27,0.283,20802.13
2010-11-28,0.2299,0.27,35055.4
2010-11-29,0.2082,0.2299,21476.25
2010-11-30,0.2275,0.2082,8157.89
2010-12-01,0.255,0.2275,20312.23
2010-12-02,0.251,0.255,2570.34
2010-12-03,0.205,0.251,28560.72
2010-12-04,0.19,0.205,5740.18
2010-12-05,0.204,0.19,4319.26
2010-12-06,0.233,0.204,24592.92
2010-12-07,0.2388,0.233,3430.41
2010-12-08,0.2,0.2388,21336.33
2010-12-09,0.204,0.2,1684.25
2010-12-10,0.228,0.204,5788.69
2010-12-11,0.22,0.228,1963.56
2010-12-12,0.2299,0.22,6415.59
2010-12-13,0.2467,0.2299,10388.1
2010-12-14,0.238,0.2467,3684.68
2010-12-15,0.25,0.238,14355.33
2010-12-16,0.24,0.25,525.51
2010-12-17,0.241,0.24,169.11
2010-12-18,0.2401,0.241,2000.76
2010-12-19,0.267,0.2401,10682.71
2010-12-20,0.24,0.267,9225.79
2010-12-21,0.25,0.24,3800.46
2010-12-22,0.25,0.25,8650.15
2010-12-23,0.248,0.25,5033.25
2010-12-24,0.2499,0.248,703.0
2010-12-25,0.265,0.2499,16584.97
2010-12-26,0.265,0.265,4935.49
2010-12-27,0.281,0.265,15438.71
2010-12-28,0.3,0.281,18609.14
2010-12-29,0.3,0.3,2539.87
2010-12-30,0.3,0.3,1453.72
2010-12-31,0.3,0.3,2821.24
2011-01-01,0.3,0.3,5352.11
2011-01-02,0.295,0.3,1425.19
2011-01-03,0.2989,0.295,1879.0
2011-01-04,0.299,0.2989,357.16
2011-01-05,0.298,0.299,3456.49
2011-01-06,0.32,0.298,42601.12
2011-01-07,0.3229,0.32,1629.44
2011-01-08,0.323,0.3229,1691.37
2011-01-09,0.3266,0.323,10355.83
2011-01-10,0.3266,0.3266,4857.8
2011-01-11,0.3188,0.3266,31359.77
2011-01-12,0.3176,0.3188,20118.9
2011-01-13,0.4,0.3176,27130.96
2011-01-14,0.386,0.4,1515.66
2011-01-15,0.3868,0.386,2778.71
2011-01-16,0.3495,0.3868,18241.15
2011-01-17,0.313,0.3495,15671.51
2011-01-18,0.313,0.313,7291.63
2011-01-19,0.39,0.313,19881.98
2011-01-20,0.4199,0.39,8477.55
2011-01-21,0.4443,0.4199,10534.27
2011-01-22,0.4424,0.4443,1148.4
2011-01-23,0.4199,0.4424,11061.94
2011-01-24,0.41,0.4199,2163.72
2011-01-25,0.417,0.41,15564.81
2011-01-26,0.4212,0.417,27708.2
2011-01-27,0.446,0.4212,5324.5
2011-01-28,0.439,0.446,1448.38
2011-01-29,0.4799,0.439,10383.59
2011-01-30,0.52,0.4799,63516.08
2011-01-31,0.7,0.52,31562.12
2011-02-01,0.716,0.7,5627.48
2011-02-02,0.69,0.716,8524.5
2011-02-03,0.811,0.69,42222.19
2011-02-04,0.92,0.811,15786.81
2011-02-05,0.8997,0.92,8744.11
2011-02-06,0.89,0.8997,2264.28
2011-02-07,0.918,0.89,7021.29
2011-02-08,1.09,0.918,49632.5
2011-02-09,0.9803,1.09,26559.64
2011-02-10,1.07,0.9803,13299.18
2011-02-11,1.08,1.07,4118.92
2011-02-12,1.05,1.08,3240.64
2011-02-13,1.07,1.05,7096.55
2011-02-14,1.05,1.07,8616.58
2011-02-15,1.05,1.05,7192.38
2011-02-16,1.04,1.05,4009.84
2011-02-17,0.8989,1.04,36948.16
2011-02-18,0.949,0.8989,3798.71
2011-02-19,0.85,0.949,9974.05
2011-02-20,0.8345,0.85,1700.12
2011-02-21,0.8702,0.8345,12095.26
2011-02-22,0.9,0.8702,6718.87
2011-02-23,0.9974,0.9,13418.69
2011-02-24,0.9111,0.9974,4461.06
2011-02-25,0.958,0.9111,4744.41
2011-02-26,0.89,0.958,23268.75
2011-02-27,0.86,0.89,4651.67
2011-02-28,0.9202,0.86,22569.78
2011-03-01,0.9399,0.9202,2741.87
2011-03-02,0.9391,0.9399,2746.67
2011-03-03,0.901,0.9391,2711.89
2011-03-04,0.9103,0.901,12570.59
2011-03-05,0.8999,0.9103,12626.49
2011-03-06,0.885,0.8999,15271.27
2011-03-07,0.87,0.885,4527.85
2011-03-08,0.8645,0.87,4546.05
2011-03-09,0.9329,0.8645,8869.01
2011-03-10,0.88,0.9329,3725.51
2011-03-11,0.918,0.88,4822.83
2011-03-12,0.8925,0.918,660.31
2011-03-13,0.8949,0.8925,5269.24
2011-03-14,0.87,0.8949,2732.16
2011-03-15,0.86,0.87,7929.62
2011-03-16,0.8254,0.86,7159.78
2011-03-17,0.8165,0.8254,14226.22
2011-03-18,0.765,0.8165,9875.04
2011-03-19,0.7411,0.765,5815.32
2011-03-20,0.759,0.7411,3695.96
2011-03-21,0.809,0.759,12147.72
2011-03-22,0.8497,0.809,13262.26
2011-03-23,0.8669,0.8497,14009.37
2011-03-24,0.8838,0.8669,4819.42
2011-03-25,0.8552,0.8838,11756.42
2011-03-26,0.82,0.8552,5337.15
2011-03-27,0.799,0.82,12565.15
2011-03-28,0.7925,0.799,4215.02
2011-03-29,0.7897,0.7925,3218.22
2011-03-30,0.7846,0.7897,6875.08
2011-03-31,0.7741,0.7846,3186.77
2011-04-01,0.782,0.7741,2493.59
2011-04-02,0.779,0.782,3931.39
2011-04-03,0.68,0.779,31155.46
2011-04-04,0.71,0.68,9730.3
2011-04-05,0.74,0.71,8703.95
2011-04-06,0.7538,0.74,10832.99
2011-04-07,0.75,0.7538,18207.3
2011-04-08,0.73,0.75,12119.4
2011-04-09,0.7369,0.73,5348.98
2011-04-10,0.77,0.7369,14645.93
2011-04-11,0.86,0.77,48417.6
2011-04-12,0.9225,0.86,43397.56
2011-04-13,1.0,0.9225,31111.88
2011-04-14,0.9899,1.0,50304.61
2011-04-15,1.05,0.9899,28869.3
2011-04-16,1.11,1.05,24225.7
2011-04-17,1.16,1.11,27478.69
2011-04-18,1.2,1.16,12556.73
2011-04-19,1.14,1.2,21344.95
2011-04-20,1.21,1.14,39295.69
2011-04-21,1.41,1.21,39415.39
2011-04-22,1.7,1.41,66620.36
2011-04-23,1.63,1.7,21541.69
2011-04-24,1.56,1.63,13471.6
2011-04-25,1.79,1.56,24054.31
2011-04-26,1.9,1.79,33055.26
2011-04-27,2.21,1.9,100238.23
2011-04-28,2.88,2.21,57577.32
2011-04-29,3.5,2.88,65427.8
2011-04-30,3.03,3.5,45772.07
2011-05-01,3.2,3.03,18333.83
2011-05-02,3.41,3.2,16919.18
2011-05-03,3.41,3.41,17278.29
2011-05-04,3.33,3.41,15350.34
2011-05-05,3.45,3.33,23014.7
2011-05-06,3.64,3.45,17833.29
2011-05-07,3.87,3.64,21132.51
2011-05-08,3.8,3.87,11520.93
2011-05-09,5.81,3.8,56217.32
2011-05-10,5.5,5.81,52569.15
2011-05-11,6.3,5.5,31722.46
2011-05-12,8.2,6.3,64003.37
2011-05-13,7.2,8.2,55390.45
2011-05-14,6.99,7.2,18294.87
2011-05-15,8.03,6.99,44141.41
2011-05-16,7.19,8.03,35345.46
2011-05-17,6.88,7.19,25403.44
2011-05-18,6.81,6.88,24436.41
2011-05-19,5.59,6.81,44460.44
2011-05-20,6.12,5.59,31111.9
2011-05-21,6.69,6.12,23872.15
2011-05-22,7.15,6.69,35279.88
2011-05-23,7.42,7.15,29282.48
2011-05-24,8.4,7.42,64049.94
2011-05-25,8.8,8.4,28644.99
2011-05-26,8.5,8.8,14431.84
2011-05-27,8.3,8.5,12247.72
2011-05-28,8.43,8.3,7487.54
2011-05-29,8.8,8.43,17680.15
2011-05-30,8.74,8.8,45794.42
2011-05-31,9.57,8.74,43479.96
2011-06-01,10.6,9.57,41047.27
2011-06-02,14.29,10.6,72980.24
2011-06-03,18.89,14.29,44475.34
2011-06-04,16.7,18.89,24278.97
2011-06-05,18.55,16.7,55092.47
2011-06-06,23.92,18.55,53715.04
2011-06-07,29.6,23.92,104925.16
2011-06-08,28.92,29.6,62933.66
2011-06-09,23.95,28.92,92208.2
2011-06-10,14.65,23.95,121869.97
2011-06-11,18.55,14.65,151194.16
2011-06-12,19.84,18.55,73421.79
2011-06-13,19.28,19.84,36155.99
2011-06-14,19.49,19.28,27711.9
2011-06-15,17.0,19.49,49202.14
2011-06-16,15.68,17.0,108623.77
2011-06-17,16.89,15.68,35536.55
2011-06-18,17.51,16.89,30176.74
2011-06-19,17.51,17.51,0.0
2011-06-20,17.51,17.51,0.0
2011-06-21,17.51,17.51,0.0
2011-06-22,17.51,17.51,0.0
2011-06-23,17.51,17.51,0.0
2011-06-24,17.51,17.51,0.0
2011-06-25,16.45,17.51,15053.93
2011-06-26,16.75,16.45,31452.54
2011-06-27,16.95,16.75,24398.15
2011-06-28,16.85,16.95,21043.37
2011-06-29,16.1,16.85,34961.19
2011-06-30,15.4,16.1,33284.45
2011-07-01,15.4,15.4,19453.24
2011-07-02,15.44,15.4,16792.29
2011-07-03,13.86,15.44,52276.99
2011-07-04,12.91,13.86,84081.15
2011-07-05,14.78,12.91,111818.32
2011-07-06,14.78,14.78,54465.7
2011-07-07,14.31,14.78,34853.42
2011-07-08,14.38,14.31,11909.17
2011-07-09,14.9,14.38,45284.42
2011-07-10,14.21,14.9,49160.01
2011-07-11,14.01,14.21,26356.51
2011-07-12,13.95,14.01,10338.15
2011-07-13,13.99,13.95,17661.16
2011-07-14,13.81,13.99,24819.54
2011-07-15,13.72,13.81,17264.49
2011-07-16,13.16,13.72,34375.47
2011-07-17,13.48,13.16,75896.31
2011-07-18,13.85,13.48,67575.61
2011-07-19,13.69,13.85,23177.9
2011-07-20,13.61,13.69,25018.37
2011-07-21,13.7,13.61,15165.62
2011-07-22,13.68,13.7,22455.6
2011-07-23,13.98,13.68,26623.26
2011-07-24,14.05,13.98,31577.96
2011-07-25,13.88,14.05,16793.86
2011-07-26,13.94,13.88,11508.66
2011-07-27,13.49,13.94,32738.27
2011-07-28,13.5,13.49,7257.51
2011-07-29,13.53,13.5,6104.38
2011-07-30,13.35,13.53,45723.44
2011-07-31,13.09,13.35,21748.09
2011-08-01,12.05,13.09,57242.69
2011-08-02,9.26,12.05,90287.33
2011-08-03,10.75,9.26,50094.1
2011-08-04,9.8,10.75,30765.69
2011-08-05,6.55,9.8,102411.73
2011-08-06,7.9,6.55,89830.96
2011-08-07,7.8,7.9,34042.22
2011-08-08,9.99,7.8,114472.78
2011-08-09,9.98,9.99,24254.45
2011-08-10,9.46,9.98,58114.56
2011-08-11,9.46,9.46,41592.12
2011-08-12,10.13,9.46,29759.76
2011-08-13,10.8,10.13,44125.5
2011-08-14,11.15,10.8,38155.54
2011-08-15,10.96,11.15,15325.44
2011-08-16,10.95,10.96,22898.69
2011-08-17,10.83,10.95,8210.38
2011-08-18,11.65,10.83,33721.05
2011-08-19,11.45,11.65,9915.0
2011-08-20,11.31,11.45,8720.35
2011-08-21,10.9,11.31,36996.14
2011-08-22,10.94,10.9,12779.51
2011-08-23,10.85,10.94,7815.83
2011-08-24,9.66,10.85,55485.39
2011-08-25,8.18,9.66,83004.37
2011-08-26,8.59,8.18,21998.79
2011-08-27,9.07,8.59,24155.28
2011-08-28,8.97,9.07,21651.28
2011-08-29,8.79,8.97,11773.82
2011-08-30,8.2,8.79,19648.24
2011-08-31,8.21,8.2,11903.53
2011-09-01,8.64,8.21,16814.55
2011-09-02,8.48,8.64,6944.99
2011-09-03,8.18,8.48,19673.49
2011-09-04,7.61,8.18,30798.75
2011-09-05,6.86,7.61,82496.05
2011-09-06,7.19,6.86,49642.1
2011-09-07,6.53,7.19,31886.33
2011-09-08,5.03,6.53,217433.29
2011-09-09,4.77,5.03,44484.53
2011-09-10,5.86,4.77,143792.58
2011-09-11,6.08,5.86,63864.04
2011-09-12,5.8,6.08,23759.28
2011-09-13,5.62,5.8,43768.26
2011-09-14,4.84,5.62,86220.92
2011-09-15,4.82,4.84,31651.09
2011-09-16,4.77,4.82,20303.08
2011-09-17,5.2,4.77,44623.9
2011-09-18,5.46,5.2,49836.79
2011-09-19,6.11,5.46,116750.98
2011-09-20,5.61,6.11,68164.47
2011-09-21,5.43,5.61,31651.0
2011-09-22,5.55,5.43,55667.98
2011-09-23,5.47,5.55,17944.23
2011-09-24,5.33,5.47,9487.26
2011-09-25,4.87,5.33,56072.39
2011-09-26,4.92,4.87,24645.37
2011-09-27,4.77,4.92,30625.21
2011-09-28,4.78,4.77,14092.89
2011-09-29,5.14,4.78,41459.07
2011-09-30,5.03,5.14,23460.74
2011-10-01,5.03,5.03,10457.31
2011-10-02,5.02,5.03,17289.25
2011-10-03,4.96,5.02,15793.44
2011-10-04,4.87,4.96,17586.46
2011-10-05,4.73,4.87,54773.49
2011-10-06,4.27,4.73,97547.35
2011-10-07,4.01,4.27,39611.94
2011-10-08,4.1,4.01,37920.06
2011-10-09,4.1,4.1,16858.24
2011-10-10,3.93,4.1,41104.08
2011-10-11,4.15,3.93,69399.53
2011-10-12,4.05,4.15,19706.17
2011-10-13,3.99,4.05,20054.55
2011-10-14,3.84,3.99,42092.42
2011-10-15,3.56,3.84,36200.88
2011-10-16,2.56,3.56,207426.66
2011-10-17,2.42,2.56,87859.09
2011-10-18,2.27,2.42,101864.85
2011-10-19,2.35,2.27,48859.48
2011-10-20,2.57,2.35,72971.11
2011-10-21,3.16,2.57,120163.91
2011-10-22,3.17,3.16,37044.29
2011-10-23,2.55,3.17,92232.43
2011-10-24,2.77,2.55,101412.11
2011-10-25,2.77,2.77,29400.74
2011-10-26,3.04,2.77,58696.1
2011-10-27,3.19,3.04,52365.19
2011-10-28,3.58,3.19,79542.9
2011-10-29,3.27,3.58,50686.73
2011-10-30,3.25,3.27,30980.52
2011-10-31,3.15,3.25,37893.47
2011-11-01,3.25,3.15,32311.05
2011-11-02,3.15,3.25,24520.65
2011-11-03,3.11,3.15,39513.13
2011-11-04,2.97,3.11,52964.48
2011-11-05,2.96,2.97,17232.27
2011-11-06,3.01,2.96,23992.23
2011-11-07,3.04,3.01,60336.67
2011-11-08,2.95,3.04,52195.11
2011-11-09,2.84,2.95,33928.76
2011-11-10,3.08,2.84,44853.17
2011-11-11,3.03,3.08,20383.26
2011-11-12,3.0,3.03,9625.0
2011-11-13,2.22,3.0,382186.83
2011-11-14,2.33,2.22,76420.88
2011-11-15,2.56,2.33,44208.85
2011-11-16,2.25,2.56,117276.75
2011-11-17,2.05,2.25,98135.59
2011-11-18,2.2,2.05,78301.16
2011-11-19,2.2,2.2,79731.04
2011-11-20,2.29,2.2,41727.08
2011-11-21,2.33,2.29,34208.37
2011-11-22,2.33,2.33,39998.19
2011-11-23,2.43,2.33,87264.6
2011-11-24,2.51,2.43,44404.7
2011-11-25,2.47,2.51,36118.53
2011-11-26,2.48,2.47,22727.06
2011-11-27,2.55,2.48,41261.74
2011-11-28,2.75,2.55,180531.08
2011-11-29,2.97,2.75,120145.34
2011-11-30,3.06,2.97,63864.09
2011-12-01,3.12,3.06,57494.9
2011-12-02,2.79,3.12,123022.09
2011-12-03,2.83,2.79,95222.47
2011-12-04,2.88,2.83,30884.98
2011-12-05,3.03,2.88,55599.98
2011-12-06,2.99,3.03,58122.19
2011-12-07,2.98,2.99,39933.69
2011-12-08,2.97,2.98,34385.44
2011-12-09,3.05,2.97,74305.72
2011-12-10,3.25,3.05,108223.27
2011-12-11,3.14,3.25,39900.0
2011-12-12,3.25,3.14,32658.54
2011-12-13,3.15,3.25,72477.69
2011-12-14,3.2,3.15,30094.23
2011-12-15,3.2,3.2,29868.63
2011-12-16,3.2,3.2,16479.96
2011-12-17,3.19,3.2,10793.72
2011-12-18,3.52,3.19,139986.97
2011-12-19,3.95,3.52,186409.95
2011-12-20,3.89,3.95,48793.69
2011-12-21,3.89,3.89,57206.32
2011-12-22,3.95,3.89,20496.54
2011-12-23,3.94,3.95,14933.59
2011-12-24,4.22,3.94,80800.44
2011-12-25,4.02,4.22,88825.75
2011-12-26,4.07,4.02,30159.46
2011-12-27,4.19,4.07,33837.22
2011-12-28,4.17,4.19,53069.29
2011-12-29,4.25,4.17,41068.6
2011-12-30,4.72,4.25,129730.72
2011-12-31,5.27,4.72,108509.23
2012-01-01,5.22,5.27,69150.93
2012-01-02,4.88,5.22,125170.25
2012-01-03,5.57,4.88,131170.86
2012-01-04,6.95,5.57,182328.19
2012-01-05,6.7,6.95,218077.48
2012-01-06,6.81,6.7,48387.58
2012-01-07,7.11,6.81,57193.53
2012-01-08,6.33,7.11,148406.85
2012-01-09,6.36,6.33,110210.25
2012-01-10,6.9,6.36,99442.07
2012-01-11,6.8,6.9,140116.52
2012-01-12,6.41,6.8,60228.77
2012-01-13,6.75,6.41,141896.32
2012-01-14,7.0,6.75,62233.33
2012-01-15,6.68,7.0,122666.57
2012-01-16,5.6,6.68,213409.8
2012-01-17,5.92,5.6,226680.97
2012-01-18,6.36,5.92,114820.45
2012-01-19,6.49,6.36,66786.48
2012-01-20,6.18,6.49,64761.69
2012-01-21,6.31,6.18,44890.65
2012-01-22,6.36,6.31,17693.05
2012-01-23,6.29,6.36,35663.08
2012-01-24,5.75,6.29,133115.25
2012-01-25,5.34,5.75,123954.11
2012-01-26,5.29,5.34,115567.83
2012-01-27,5.63,5.29,89708.02
2012-01-28,5.38,5.63,46430.45
2012-01-29,5.49,5.38,42303.14
2012-01-30,5.48,5.49,48296.66
2012-01-31,6.08,5.48,115523.96
2012-02-01,6.1,6.08,54546.27
2012-02-02,5.96,6.1,59279.85
2012-02-03,5.87,5.96,20619.6
2012-02-04,5.69,5.87,120336.02
2012-02-05,5.45,5.69,90258.84
2012-02-06,5.69,5.45,72748.36
2012-02-07,5.6,5.69,237943.12
2012-02-08,5.83,5.6,89946.12
2012-02-09,5.91,5.83,39304.91
2012-02-10,5.6,5.91,69711.29
2012-02-11,5.51,5.6,81917.16
2012-02-12,5.26,5.51,170210.59
2012-02-13,4.46,5.26,297572.02
2012-02-14,4.33,4.46,161800.56
2012-02-15,4.27,4.33,166594.52
2012-02-16,4.41,4.27,135949.41
2012-02-17,4.22,4.41,70406.17
2012-02-18,4.39,4.22,62365.41
2012-02-19,4.36,4.39,37299.13
2012-02-20,4.27,4.36,51784.83
2012-02-21,4.42,4.27,103836.79
2012-02-22,5.01,4.42,164308.47
2012-02-23,5.03,5.01,89828.05
2012-02-24,4.77,5.03,86163.6
2012-02-25,4.92,4.77,70034.61
2012-02-26,4.96,4.92,29371.64
2012-02-27,4.87,4.96,62691.08
2012-02-28,4.86,4.87,26539.25
2012-02-29,4.92,4.86,44183.64
2012-03-01,4.7,4.92,130764.74
2012-03-02,4.61,4.7,40075.06
2012-03-03,4.82,4.61,58826.16
2012-03-04,4.98,4.82,65828.18
2012-03-05,4.99,4.98,44532.27
2012-03-06,4.94,4.99,46167.56
2012-03-07,4.93,4.94,58089.4
2012-03-08,4.86,4.93,32723.03
2012-03-09,4.83,4.86,28070.74
2012-03-10,4.91,4.83,42442.93
2012-03-11,4.89,4.91,22048.15
2012-03-12,5.27,4.89,127325.05
2012-03-13,5.38,5.27,62889.72
2012-03-14,5.33,5.38,41077.61
2012-03-15,5.34,5.33,32718.79
2012-03-16,5.22,5.34,39100.23
2012-03-17,5.28,5.22,22857.01
2012-03-18,4.69,5.28,188889.07
2012-03-19,4.84,4.69,66343.85
2012-03-20,4.81,4.84,46436.88
2012-03-21,4.7,4.81,58069.92
2012-03-22,4.69,4.7,54129.94
2012-03-23,4.68,4.69,39068.59
2012-03-24,4.55,4.68,71556.26
2012-03-25,4.62,4.55,69838.07
2012-03-26,4.81,4.62,73431.76
2012-03-27,4.79,4.81,38017.12
2012-03-28,4.81,4.79,37974.76
2012-03-29,4.86,4.81,39071.84
2012-03-30,4.91,4.86,35529.09
2012-03-31,4.83,4.91,35950.6
2012-04-01,4.97,4.83,80663.98
2012-04-02,4.95,4.97,78481.21
2012-04-03,4.91,4.95,51040.82
2012-04-04,4.92,4.91,33807.18
2012-04-05,4.95,4.92,58211.45
2012-04-06,4.69,4.95,80945.75
2012-04-07,4.79,4.69,41972.77
2012-04-08,4.87,4.79,39243.69
2012-04-09,4.84,4.87,53101.77
2012-04-10,4.93,4.84,67035.83
2012-04-11,4.92,4.93,46368.68
2012-04-12,4.94,4.92,93111.86
2012-04-13,4.96,4.94,63887.71
2012-04-14,4.97,4.96,33343.95
2012-04-15,4.93,4.97,31159.52
2012-04-16,4.98,4.93,30645.71
2012-04-17,5.12,4.98,79130.2
2012-04-18,5.14,5.12,46675.15
2012-04-19,5.35,5.14,104068.95
2012-04-20,5.26,5.35,60922.26
2012-04-21,5.2,5.26,37109.4
2012-04-22,4.96,5.2,49367.94
2012-04-23,5.1,4.96,70989.7
2012-04-24,5.13,5.1,35642.73
2012-04-25,5.1,5.13,57360.76
2012-04-26,5.11,5.1,25868.39
2012-04-27,4.98,5.11,91591.47
2012-04-28,4.9,4.98,22226.6
2012-04-29,4.95,4.9,55767.57
2012-04-30,5.0,4.95,36680.85
2012-05-01,5.07,5.0,95963.31
2012-05-02,5.13,5.07,35421.07
2012-05-03,5.07,5.13,43629.49
2012-05-04,5.08,5.07,18841.29
2012-05-05,5.05,5.08,19299.91
2012-05-06,5.06,5.05,46182.84
2012-05-07,5.05,5.06,68203.82
2012-05-08,5.04,5.05,38921.3
2012-05-09,4.85,5.04,69983.5
2012-05-10,4.96,4.85,63129.79
2012-05-11,4.95,4.96,20875.34
2012-05-12,4.93,4.95,14046.31
2012-05-13,5.01,4.93,52846.55
2012-05-14,5.04,5.01,44144.38
2012-05-15,5.09,5.04,69369.57
2012-05-16,5.1,5.09,26622.33
2012-05-17,5.12,5.1,52580.56
2012-05-18,5.1,5.12,23155.3
2012-05-19,5.09,5.1,18690.61
2012-05-20,5.1,5.09,33623.96
2012-05-21,5.1,5.1,46681.9
2012-05-22,5.14,5.1,52958.35
2012-05-23,5.12,5.14,28916.46
2012-05-24,5.15,5.12,23075.73
2012-05-25,5.1,5.15,16592.65
2012-05-26,5.14,5.1,15751.21
2012-05-27,5.14,5.14,27560.81
2012-05-28,5.15,5.14,61267.06
2012-05-29,5.14,5.15,39944.18
2012-05-30,5.18,5.14,39476.52
2012-05-31,5.27,5.18,44689.12
2012-06-01,5.25,5.27,15168.98
2012-06-02,5.21,5.25,12679.13
2012-06-03,5.27,5.21,51239.53
2012-06-04,5.44,5.27,83934.15
2012-06-05,5.46,5.44,40678.15
2012-06-06,5.59,5.46,48065.8
2012-06-07,5.63,5.59,53841.11
2012-06-08,5.56,5.63,37122.48
2012-06-09,5.47,5.56,24397.29
2012-06-10,5.57,5.47,40263.97
2012-06-11,5.7,5.57,78982.6
2012-06-12,5.93,5.7,57237.87
2012-06-13,5.95,5.93,35039.35
2012-06-14,6.5,5.95,65639.16
2012-06-15,6.4,6.5,78196.08
2012-06-16,6.16,6.4,48800.26
2012-06-17,6.31,6.16,46832.28
2012-06-18,6.5,6.31,43883.52
2012-06-19,6.67,6.5,64069.27
2012-06-20,6.68,6.67,51943.25
2012-06-21,6.55,6.68,56823.03
2012-06-22,6.43,6.55,20122.22
2012-06-23,6.35,6.43,33945.3
2012-06-24,6.3,6.35,62638.91
2012-06-25,6.42,6.3,48736.67
2012-06-26,6.65,6.42,41979.59
2012-06-27,6.61,6.65,42818.4
2012-06-28,6.65,6.61,26298.8
2012-06-29,6.69,6.65,20591.63
2012-06-30,6.63,6.69,20577.6
2012-07-01,6.76,6.63,32364.2
2012-07-02,6.45,6.76,71068.52
2012-07-03,6.51,6.45,33478.79
2012-07-04,6.67,6.51,45344.7
2012-07-05,6.65,6.67,43191.39
2012-07-06,6.76,6.65,37987.95
2012-07-07,6.8,6.76,18219.93
2012-07-08,7.02,6.8,61644.1
2012-07-09,7.2,7.02,70065.8
2012-07-10,7.15,7.2,41891.36
2012-07-11,7.76,7.15,64616.6
2012-07-12,7.67,7.76,65465.74
2012-07-13,7.54,7.67,16007.1
2012-07-14,7.62,7.54,26978.3
2012-07-15,8.5,7.62,103400.11
2012-07-16,8.8,8.5,210804.47
2012-07-17,9.11,8.8,105945.9
2012-07-18,8.87,9.11,48249.66
2012-07-19,8.52,8.87,154661.12
2012-07-20,8.85,8.52,139906.9
2012-07-21,8.41,8.85,30070.67
2012-07-22,8.45,8.41,146396.18
2012-07-23,8.6,8.45,40946.86
2012-07-24,8.8,8.6,64720.95
2012-07-25,8.9,8.8,32379.65
2012-07-26,8.9,8.9,26673.61
2012-07-27,8.89,8.9,16164.58
2012-07-28,8.71,8.89,11462.59
2012-07-29,9.1,8.71,51254.5
2012-07-30,9.35,9.1,70173.63
2012-07-31,9.55,9.35,68695.7
2012-08-01,10.53,9.55,126685.69
2012-08-02,10.97,10.53,61643.28
2012-08-03,10.98,10.97,52321.31
2012-08-04,10.87,10.98,67280.25
2012-08-05,10.86,10.87,51637.91
2012-08-06,11.1,10.86,41653.59
2012-08-07,11.06,11.1,31322.91
2012-08-08,11.06,11.06,101880.31
2012-08-09,11.39,11.06,63597.01
2012-08-10,11.51,11.39,21791.03
2012-08-11,11.62,11.51,30340.95
2012-08-12,12.04,11.62,54035.66
2012-08-13,12.19,12.04,44014.86
2012-08-14,13.25,12.19,57562.75
2012-08-15,13.5,13.25,96604.12
2012-08-16,11.58,13.5,221033.9
2012-08-17,11.61,11.58,88047.77
2012-08-18,8.0,11.61,238860.32
2012-08-19,10.1,8.0,192502.76
2012-08-20,9.92,10.1,72082.69
2012-08-21,9.81,9.92,67513.56
2012-08-22,10.1,9.81,56015.67
2012-08-23,10.6,10.1,92077.75
2012-08-24,10.52,10.6,40232.49
2012-08-25,10.61,10.52,26331.03
2012-08-26,10.95,10.61,175117.56
2012-08-27,10.94,10.95,54875.36
2012-08-28,10.92,10.94,53647.72
2012-08-29,10.78,10.92,30868.5
2012-08-30,10.16,10.78,67791.34
2012-08-31,9.97,10.16,23376.24
2012-09-01,10.2,9.97,25055.74
2012-09-02,10.53,10.2,22925.32
2012-09-03,10.38,10.53,34878.49
2012-09-04,11.0,10.38,60767.24
2012-09-05,11.18,11.0,67054.06
2012-09-06,11.0,11.18,35535.72
2012-09-07,11.04,11.0,24253.64
2012-09-08,11.02,11.04,14033.42
2012-09-09,11.17,11.02,42288.41
2012-09-10,11.33,11.17,64954.44
2012-09-11,11.36,11.33,58628.0
2012-09-12,11.4,11.36,20574.32
2012-09-13,11.67,11.4,43259.7
2012-09-14,11.75,11.67,16272.52
2012-09-15,11.87,11.75,30297.22
2012-09-16,11.89,11.87,26612.48
2012-09-17,12.25,11.89,40949.28
2012-09-18,12.57,12.25,41883.0
2012-09-19,12.28,12.57,32567.34
2012-09-20,12.37,12.28,35834.78
2012-09-21,12.24,12.37,14986.56
2012-09-22,12.19,12.24,39920.72
2012-09-23,12.1,12.19,27291.83
2012-09-24,12.2,12.1,21228.61
2012-09-25,12.27,12.2,23495.18
2012-09-26,12.31,12.27,19326.69
2012-09-27,12.39,12.31,26674.78
2012-09-28,12.36,12.39,17061.66
2012-09-29,12.4,12.36,7793.91
2012-09-30,12.4,12.4,24826.69
2012-10-01,12.84,12.4,50833.35
2012-10-02,12.89,12.84,32955.07
2012-10-03,12.85,12.89,37945.15
2012-10-04,12.69,12.85,31258.44
2012-10-05,12.51,12.69,24673.41
2012-10-06,11.8,12.51,63512.03
2012-10-07,11.78,11.8,97938.4
2012-10-08,11.9,11.78,46768.8
2012-10-09,12.12,11.9,27722.07
2012-10-10,12.03,12.12,19831.64
2012-10-11,12.0,12.03,21538.03
2012-10-12,11.86,12.0,11861.68
2012-10-13,11.74,11.86,22891.1
2012-10-14,11.84,11.74,27101.72
2012-10-15,11.85,11.84,41184.66
2012-10-16,11.81,11.85,23553.36
2012-10-17,11.94,11.81,21880.84
2012-10-18,11.74,11.94,23177.45
2012-10-19,11.74,11.74,22110.92
2012-10-20,11.63,11.74,9375.52
2012-10-21,11.71,11.63,37622.03
2012-10-22,11.65,11.71,54344.49
2012-10-23,11.65,11.65,21764.66
2012-10-24,10.86,11.65,84704.86
2012-10-25,10.17,10.86,98994.7
2012-10-26,10.26,10.17,47869.83
2012-10-27,10.7,10.26,22389.59
2012-10-28,10.6,10.7,37574.81
2012-10-29,10.89,10.6,26023.32
2012-10-30,11.2,10.89,40673.45
2012-10-31,10.57,11.2,50362.1
2012-11-01,10.47,10.57,24485.26
2012-11-02,10.64,10.47,16732.94
2012-11-03,10.8,10.64,16750.34
2012-11-04,10.75,10.8,21776.74
2012-11-05,10.9,10.75,26995.3
2012-11-06,10.92,10.9,31733.85
2012-11-07,10.93,10.92,26058.85
2012-11-08,10.82,10.93,14727.12
2012-11-09,10.89,10.82,13490.45
2012-11-10,10.87,10.89,12625.48
2012-11-11,11.01,10.87,39217.17
2012-11-12,10.95,11.01,16757.51
2012-11-13,10.95,10.95,24543.09
2012-11-14,11.2,10.95,31901.17
2012-11-15,11.75,11.2,58253.16
2012-11-16,11.79,11.75,19105.45
2012-11-17,11.65,11.79,15514.15
2012-11-18,11.8,11.65,25197.92
2012-11-19,11.73,11.8,27220.18
2012-11-20,11.77,11.73,19227.8
2012-11-21,12.42,11.77,58301.3
2012-11-22,12.35,12.42,18967.9
2012-11-23,12.41,12.35,19570.39
2012-11-24,12.48,12.41,24023.69
2012-11-25,12.25,12.48,35913.82
2012-11-26,12.2,12.25,33194.69
2012-11-27,12.35,12.2,30688.21
2012-11-28,12.45,12.35,26505.34
2012-11-29,12.57,12.45,24350.31
2012-11-30,12.56,12.57,14696.42
2012-12-01,12.5,12.56,14011.93
2012-12-02,12.68,12.5,26759.6
2012-12-03,13.41,12.68,63245.72
2012-12-04,13.38,13.41,29794.93
2012-12-05,13.3,13.38,46562.54
2012-12-06,13.5,13.3,32799.57
2012-12-07,13.42,13.5,13171.51
2012-12-08,13.39,13.42,28166.62
2012-12-09,13.43,13.39,24664.9
2012-12-10,13.56,13.43,28045.88
2012-12-11,13.7,13.56,37679.23
2012-12-12,13.7,13.7,24197.68
2012-12-13,13.6,13.7,70143.98
2012-12-14,13.49,13.6,15187.66
2012-12-15,13.3,13.49,42760.55
2012-12-16,13.25,13.3,63631.25
2012-12-17,13.3,13.25,23220.51
2012-12-18,13.6,13.3,38807.1
2012-12-19,13.52,13.6,32980.36
2012-12-20,13.5,13.52,25330.45
2012-12-21,13.37,13.5,14783.4
2012-12-22,13.31,13.37,23978.22
2012-12-23,13.38,13.31,16692.15
2012-12-24,13.35,13.38,13165.69
2012-12-25,13.47,13.35,15840.13
2012-12-26,13.42,13.47,19822.05
2012-12-27,13.42,13.42,23813.01
2012-12-28,13.4,13.42,26149.14
2012-12-29,13.45,13.4,11764.2
2012-12-30,13.51,13.45,15049.79
2012-12-31,13.3,13.51,28406.21
2013-01-01,13.28,13.3,17966.81
2013-01-02,13.4,13.28,18032.25
2013-01-03,13.5,13.4,29641.92
2013-01-04,13.44,13.5,21329.93
2013-01-05,13.45,13.44,12741.13
2013-01-06,13.59,13.45,25477.72
2013-01-07,13.74,13.59,42798.37
2013-01-08,13.77,13.74,28606.38
2013-01-09,14.14,13.77,51811.03
2013-01-10,14.14,14.14,40434.54
2013-01-11,14.24,14.14,26931.84
2013-01-12,14.12,14.24,38330.15
2013-01-13,14.3,14.12,22096.95
2013-01-14,14.25,14.3,51573.23
2013-01-15,14.73,14.25,45532.49
2013-01-16,15.5,14.73,65489.44
2013-01-17,15.7,15.5,56097.55
2013-01-18,15.62,15.7,34588.82
2013-01-19,15.7,15.62,25982.13
2013-01-20,16.8,15.7,61502.1
2013-01-21,17.26,16.8,60975.24
2013-01-22,17.5,17.26,49439.37
2013-01-23,16.9,17.5,172009.1
2013-01-24,17.4,16.9,80767.49
2013-01-25,17.88,17.4,34810.6
2013-01-26,17.82,17.88,23766.82
2013-01-27,18.72,17.82,57669.44
2013-01-28,19.53,18.72,86082.08
2013-01-29,19.7,19.53,45064.83
2013-01-30,20.41,19.7,99226.7
2013-01-31,20.5,20.41,49917.48
2013-02-01,19.63,20.5,80501.65
2013-02-02,20.59,19.63,34244.3
2013-02-03,20.43,20.59,52219.14
2013-02-04,20.6,20.43,29212.44
2013-02-05,21.18,20.6,51989.6
2013-02-06,22.15,21.18,64263.77
2013-02-07,22.66,22.15,48649.93
2013-02-08,23.65,22.66,38133.01
2013-02-09,23.97,23.65,56426.07
2013-02-10,24.65,23.97,29526.73
2013-02-11,25.17,24.65,74239.93
2013-02-12,24.2,25.17,90150.21
2013-02-13,27.22,24.2,145734.74
2013-02-14,27.1,27.22,51714.15
2013-02-15,27.22,27.1,18826.94
2013-02-16,26.81,27.22,77042.22
2013-02-17,26.95,26.81,29744.27
2013-02-18,29.42,26.95,99699.25
2013-02-19,29.65,29.42,37209.36
2013-02-20,29.75,29.65,34730.51
2013-02-21,30.25,29.75,66951.69
2013-02-22,29.8,30.25,72278.17
2013-02-23,29.89,29.8,24274.89
2013-02-24,30.4,29.89,26778.95
2013-02-25,31.1,30.4,42864.33
2013-02-26,30.9,31.1,30472.78
2013-02-27,33.38,30.9,126517.41
2013-02-28,34.5,33.38,39786.14
2013-03-01,34.25,34.5,36662.49
2013-03-02,34.5,34.25,12524.59
2013-03-03,36.15,34.5,46771.49
2013-03-04,40.33,36.15,85425.52
2013-03-05,41.02,40.33,126451.72
2013-03-06,42.0,41.02,157316.08
2013-03-07,44.18,42.0,47095.97
2013-03-08,46.85,44.18,44475.89
2013-03-09,46.0,46.85,36363.25
2013-03-10,48.4,46.0,41390.18
2013-03-11,44.29,48.4,183411.75
2013-03-12,46.92,44.29,49514.6
2013-03-13,47.17,46.92,37041.72
2013-03-14,46.95,47.17,20286.44
2013-03-15,47.0,46.95,16314.97
2013-03-16,47.4,47.0,13936.62
2013-03-17,51.6,47.4,65311.59
2013-03-18,59.14,51.6,111704.13
2013-03-19,64.49,59.14,93136.82
2013-03-20,70.85,64.49,94307.76
2013-03-21,69.87,70.85,73196.96
2013-03-22,64.35,69.87,150462.72
2013-03-23,71.5,64.35,42023.26
2013-03-24,73.6,71.5,79743.02
2013-03-25,78.5,73.6,56667.38
2013-03-26,88.92,78.5,72226.75
2013-03-27,86.18,88.92,140263.09
2013-03-28,90.5,86.18,83174.56
2013-03-29,92.19,90.5,37284.61
2013-03-30,93.03,92.19,21129.5
2013-03-31,104.0,93.03,90563.17
2013-04-01,117.98,104.0,81284.67
2013-04-02,135.0,117.98,152713.73
2013-04-03,132.12,135.0,88362.53
2013-04-04,142.32,132.12,68588.73
2013-04-05,142.63,142.32,18288.47
2013-04-06,162.3,142.63,60954.72
2013-04-07,187.5,162.3,114250.73
2013-04-08,230.0,187.5,105842.25
2013-04-09,165.0,230.0,190174.72
2013-04-10,124.9,165.0,118747.72
2013-04-11,117.0,124.9,556468.03
2013-04-12,93.0,117.0,238347.58
2013-04-13,90.0,93.0,166274.96
2013-04-14,82.39,90.0,236673.01
2013-04-15,68.36,82.39,572349.32
2013-04-16,93.07,68.36,327630.05
2013-04-17,109.01,93.07,172976.43
2013-04-18,118.48,109.01,257166.23
2013-04-19,126.62,118.48,74363.62
2013-04-20,119.2,126.62,99132.19
2013-04-21,127.4,119.2,59153.12
2013-04-22,143.48,127.4,116144.9
2013-04-23,154.2,143.48,225896.5
2013-04-24,141.71,154.2,187652.82
2013-04-25,136.9,141.71,129008.48
2013-04-26,128.0,136.9,59881.87
2013-04-27,134.44,128.0,27523.74
2013-04-28,144.0,134.44,70206.17
2013-04-29,139.23,144.0,65232.2
2013-04-30,116.38,139.23,180008.97
2013-05-01,106.25,116.38,234170.94
2013-05-02,98.1,106.25,246474.87
2013-05-03,112.9,98.1,132623.49
2013-05-04,115.98,112.9,84205.37
2013-05-05,112.25,115.98,150072.15
2013-05-06,109.6,112.25,139667.14
2013-05-07,113.2,109.6,61721.62
2013-05-08,112.8,113.2,26948.0
2013-05-09,117.7,112.8,77483.16
2013-05-10,115.64,117.7,28038.97
2013-05-11,114.82,115.64,20600.89
2013-05-12,117.98,114.82,26176.7
2013-05-13,111.4,117.98,87774.8
2013-05-14,114.22,111.4,117967.89
2013-05-15,118.21,114.22,45232.06
2013-05-16,123.5,118.21,79123.93
2013-05-17,123.21,123.5,22652.03
2013-05-18,122.5,123.21,20571.91
2013-05-19,122.02,122.5,17316.21
2013-05-20,122.89,122.02,13386.53
2013-05-21,123.8,122.89,18308.47
2013-05-22,126.3,123.8,22118.25
2013-05-23,133.1,126.3,48773.65
2013-05-24,131.99,133.1,16837.33
2013-05-25,133.5,131.99,23359.36
2013-05-26,129.77,133.5,46825.54
2013-05-27,129.0,129.77,22803.35
2013-05-28,132.25,129.0,19247.65
2013-05-29,128.8,132.25,24699.41
2013-05-30,128.82,128.8,16576.17
2013-05-31,129.3,128.82,6357.5
2013-06-01,122.5,129.3,101134.67
2013-06-02,120.74,122.5,28898.42
2013-06-03,121.4,120.74,21946.81
2013-06-04,121.9,121.4,16638.89
2013-06-05,118.97,121.9,22103.7
2013-06-06,111.0,118.97,65767.53
2013-06-07,107.89,111.0,17218.19
2013-06-08,100.44,107.89,149431.84
2013-06-09,106.35,100.44,64320.02
2013-06-10,109.0,106.35,16131.56
2013-06-11,108.78,109.0,17700.09
2013-06-12,103.95,108.78,30435.38
2013-06-13,100.0,103.95,36054.0
2013-06-14,99.8,100.0,22532.25
2013-06-15,99.9,99.8,8654.91
2013-06-16,101.95,99.9,15193.63
2013-06-17,107.35,101.95,60613.87
2013-06-18,108.25,107.35,17565.11
2013-06-19,111.29,108.25,43085.13
2013-06-20,109.5,111.29,38076.76
2013-06-21,108.2,109.5,7280.73
2013-06-22,107.9,108.2,11050.88
2013-06-23,102.09,107.9,28898.22
2013-06-24,103.33,102.09,93706.29
2013-06-25,104.0,103.33,13233.01
2013-06-26,101.74,104.0,14731.87
2013-06-27,94.66,101.74,47764.54
2013-06-28,95.0,94.66,25535.68
2013-06-29,97.51,95.0,8579.18
2013-06-30,88.05,97.51,53165.63
2013-07-01,90.41,88.05,27765.17
2013-07-02,78.89,90.41,73616.73
2013-07-03,80.04,78.89,63550.1
2013-07-04,68.5,80.04,91060.44
2013-07-05,69.66,68.5,41036.7
2013-07-06,76.5,69.66,42951.81
2013-07-07,76.0,76.5,58990.18
2013-07-08,76.7,76.0,32524.27
2013-07-09,88.0,76.7,60070.83
2013-07-10,88.98,88.0,35570.13
2013-07-11,93.99,88.98,101549.87
2013-07-12,98.32,93.99,34457.61
2013-07-13,94.42,98.32,12339.49
2013-07-14,98.89,94.42,34507.37
2013-07-15,97.1,98.89,16532.69
2013-07-16,98.5,97.1,17268.85
2013-07-17,90.07,98.5,59500.75
2013-07-18,92.0,90.07,27684.24
2013-07-19,89.82,92.0,9426.7
2013-07-20,92.0,89.82,8770.74
2013-07-21,91.6,92.0,9102.87
2013-07-22,95.56,91.6,24609.46
2013-07-23,95.09,95.56,14600.16
2013-07-24,96.95,95.09,22512.12
2013-07-25,96.02,96.95,11152.71
2013-07-26,94.4,96.02,15119.42
2013-07-27,98.78,94.4,42224.62
2013-07-28,101.48,98.78,24743.23
2013-07-29,107.96,101.48,27849.28
2013-07-30,106.21,107.96,45496.21
2013-07-31,104.0,106.21,15021.7
2013-08-01,104.5,104.0,27503.63
2013-08-02,104.95,104.5,8902.32
2013-08-03,105.12,104.95,6376.74
2013-08-04,106.72,105.12,15437.85
2013-08-05,106.56,106.72,13408.18
2013-08-06,105.99,106.56,7720.17
2013-08-07,103.05,105.99,24015.47
2013-08-08,102.8,103.05,12034.99
2013-08-09,103.0,102.8,3995.0
2013-08-10,105.0,103.0,8173.61
2013-08-11,106.81,105.0,20081.88
2013-08-12,109.6,106.81,18749.89
2013-08-13,112.56,109.6,50568.55
2013-08-14,109.99,112.56,15858.85
2013-08-15,108.99,109.99,13542.07
2013-08-16,112.75,108.99,12780.32
2013-08-17,113.38,112.75,9621.73
2013-08-18,118.5,113.38,53066.14
2013-08-19,121.2,118.5,24288.46
2013-08-20,123.3,121.2,30638.4
2013-08-21,122.0,123.3,13958.03
2013-08-22,118.51,122.0,19473.86
2013-08-23,119.6,118.51,8954.77
2013-08-24,122.11,119.6,7441.64
2013-08-25,120.07,122.11,11443.52
2013-08-26,131.29,120.07,53853.02
2013-08-27,128.76,131.29,12561.21
2013-08-28,129.3,128.76,8217.98
2013-08-29,138.03,129.3,46072.51
2013-08-30,141.0,138.03,31145.95
2013-08-31,146.01,141.0,14096.54
2013-09-01,144.0,146.01,10647.89
2013-09-02,144.0,144.0,17003.54
2013-09-03,132.51,144.0,28753.93
2013-09-04,130.2,132.51,27025.08
2013-09-05,121.9,130.2,19173.25
2013-09-06,128.99,121.9,14191.38
2013-09-07,126.32,128.99,7345.15
2013-09-08,133.1,126.32,29687.51
2013-09-09,132.62,133.1,8875.95
2013-09-10,142.1,132.62,41557.85
2013-09-11,139.35,142.1,20527.39
2013-09-12,140.66,139.35,20117.22
2013-09-13,136.71,140.66,8897.05
2013-09-14,138.3,136.71,6438.98
2013-09-15,139.42,138.3,10608.8
2013-09-16,139.15,139.42,9643.93
2013-09-17,140.41,139.15,9491.78
2013-09-18,135.05,140.41,21018.0
2013-09-19,133.81,135.05,11051.43
2013-09-20,134.38,133.81,5085.56
2013-09-21,134.0,134.38,5892.36
2013-09-22,133.4,134.0,5998.81
2013-09-23,134.78,133.4,8575.98
2013-09-24,135.0,134.78,9517.07
2013-09-25,137.1,135.0,6535.91
2013-09-26,138.93,137.1,27138.27
2013-09-27,142.5,138.93,13659.75
2013-09-28,143.88,142.5,18102.2
2013-09-29,141.9,143.88,14627.13
2013-09-30,140.3,141.9,9572.16
2013-10-01,123.0,140.3,111317.57
2013-10-02,130.99,123.0,35270.15
2013-10-03,136.82,130.99,18507.85
2013-10-04,136.7,136.82,4995.15
2013-10-05,137.8,136.7,4889.72
2013-10-06,135.8,137.8,7362.35
2013-10-07,136.49,135.8,5227.21
2013-10-08,139.5,136.49,17494.19
2013-10-09,140.41,139.5,11075.87
2013-10-10,140.1,140.41,7250.91
2013-10-11,142.89,140.1,11024.42
2013-10-12,147.53,142.89,16167.47
2013-10-13,151.37,147.53,29993.56
2013-10-14,158.09,151.37,15730.1
2013-10-15,152.82,158.09,42783.96
2013-10-16,157.59,152.82,15875.81
2013-10-17,168.28,157.59,25893.02
2013-10-18,183.15,168.28,55275.66
2013-10-19,186.1,183.15,11418.11
2013-10-20,192.78,186.1,24102.06
2013-10-21,202.99,192.78,33864.61
2013-10-22,227.97,202.99,39894.52
2013-10-23,206.98,227.97,96749.13
2013-10-24,197.88,206.98,36749.63
2013-10-25,188.56,197.88,12085.53
2013-10-26,206.91,188.56,13158.09
2013-10-27,206.9,206.91,11072.23
2013-10-28,216.0,206.9,10016.58
2013-10-29,208.0,216.0,13472.97
2013-10-30,211.17,208.0,5289.31
2013-10-31,213.43,211.17,5882.59
2013-11-01,211.69,213.43,4877.16
2013-11-02,224.0,211.69,12274.4
2013-11-03,238.16,224.0,18057.57
2013-11-04,251.3,238.16,45100.26
2013-11-05,264.1,251.3,38815.71
2013-11-06,309.65,264.1,86133.24
2013-11-07,355.0,309.65,44632.99
2013-11-08,367.79,355.0,49910.0
2013-11-09,336.32,367.79,74252.72
2013-11-10,362.98,336.32,17999.67
2013-11-11,380.04,362.98,22027.67
2013-11-12,434.85,380.04,36015.4
2013-11-13,433.4,434.85,31406.18
2013-11-14,433.92,433.4,28126.4
2013-11-15,461.96,433.92,19134.6
2013-11-16,528.3,461.96,26718.7
2013-11-17,785.43,528.3,72071.71
2013-11-18,645.69,785.43,99101.83
2013-11-19,637.97,645.69,91594.45
2013-11-20,764.91,637.97,38732.06
2013-11-21,802.0,764.91,30150.23
2013-11-22,832.5,802.0,21314.0
2013-11-23,795.01,832.5,25948.64
2013-11-24,829.99,795.01,26381.41
2013-11-25,969.96,829.99,31613.86
2013-11-26,1079.89,969.96,37859.08
2013-11-27,1101.38,1079.89,37396.83
2013-11-28,1206.93,1101.38,38706.56
2013-11-29,1205.66,1206.93,15096.04
2013-11-30,1004.39,1205.66,79921.89
2013-12-01,1096.56,1004.39,37044.53
2013-12-02,1154.86,1096.56,19341.01
2013-12-03,1237.55,1154.86,16296.85
2013-12-04,1106.35,1237.55,58443.73
2013-12-05,845.02,1106.35,53517.57
2013-12-06,697.02,845.02,97662.51
2013-12-07,803.96,697.02,31210.25
2013-12-08,918.95,803.96,27625.6
2013-12-09,1033.72,918.95,22103.22
2013-12-10,919.93,1033.72,24360.35
2013-12-11,899.98,919.93,9913.21
2013-12-12,936.77,899.98,17372.49
2013-12-13,908.94,936.77,11589.8
2013-12-14,919.88,908.94,15165.03
2013-12-15,759.92,919.88,41325.66
2013-12-16,714.97,759.92,31714.24
2013-12-17,540.98,714.97,110503.1
2013-12-18,731.95,540.98,45761.94
2013-12-19,649.96,731.95,34767.79
2013-12-20,640.48,649.96,14728.3
2013-12-21,639.49,640.48,11630.96
2013-12-22,713.24,639.49,15066.3
2013-12-23,702.75,713.24,10945.64
2013-12-24,707.25,702.75,5343.91
2013-12-25,801.98,707.25,23529.7
2013-12-26,803.05,801.98,13884.58
2013-12-27,761.99,803.05,13341.62
2013-12-28,784.96,761.99,7035.87
2013-12-29,804.83,784.96,10482.78
2013-12-30,805.94,804.83,9167.06
2013-12-31,815.94,805.94,10757.23
2014-01-01,856.91,815.94,12811.63
2014-01-02,884.26,856.91,9709.01
2014-01-03,924.69,884.26,14239.01
2014-01-04,1014.74,924.69,21374.2
2014-01-05,1012.65,1014.74,23076.53
2014-01-06,879.9,1012.65,22665.1
2014-01-07,938.84,879.9,14094.75
2014-01-08,936.95,938.84,14414.95
2014-01-09,957.76,936.95,6351.48
2014-01-10,1005.32,957.76,11181.63
2014-01-11,939.79,1005.32,9931.11
2014-01-12,922.91,939.79,10132.38
2014-01-13,919.28,922.91,4311.64
2014-01-14,941.22,919.28,6828.58
2014-01-15,913.49,941.22,5103.29
2014-01-16,894.16,913.49,10312.23
2014-01-17,905.72,894.16,6040.91
2014-01-18,954.8,905.72,7571.24
2014-01-19,955.95,954.8,10406.31
2014-01-20,962.21,955.95,6584.71
2014-01-21,950.95,962.21,4783.86
2014-01-22,944.16,950.95,1973.42
2014-01-23,916.55,944.16,6197.18
2014-01-24,961.05,916.55,8181.23
2014-01-25,1007.0,961.05,13073.84
2014-01-26,943.54,1007.0,8327.15
2014-01-27,932.68,943.54,10406.15
2014-01-28,925.67,932.68,5678.19
2014-01-29,941.39,925.67,5425.21
2014-01-30,938.85,941.39,4310.07
2014-01-31,940.42,938.85,4364.51
2014-02-01,953.31,940.42,1583.28
2014-02-02,931.71,953.31,2790.11
2014-02-03,926.64,931.71,4608.88
2014-02-04,904.52,926.64,7558.29
2014-02-05,828.87,904.52,18599.16
2014-02-06,695.65,828.87,49906.75
2014-02-07,648.78,695.65,22876.3
2014-02-08,659.57,648.78,19884.9
2014-02-09,582.63,659.57,40130.05
2014-02-10,578.96,582.63,16725.92
2014-02-11,531.13,578.96,21301.39
2014-02-12,451.44,531.13,28942.07
2014-02-13,427.68,451.44,65819.68
2014-02-14,371.07,427.68,50617.35
2014-02-15,299.8,371.07,86180.34
2014-02-16,272.28,299.8,51439.43
2014-02-17,293.95,272.28,48878.18
2014-02-18,261.53,293.95,31501.97
2014-02-19,111.92,261.53,102183.77
2014-02-20,111.56,111.92,82590.48
2014-02-21,255.59,111.56,72170.05
2014-02-22,310.17,255.59,38549.76
2014-02-23,174.0,310.17,95118.82
2014-02-24,135.78,174.0,30426.23
2014-02-25,593.14,135.78,602.49
2014-02-26,596.49,593.14,497.8
2014-02-27,573.94,596.49,505.86
2014-02-28,557.39,573.94,404.38
2014-03-01,544.56,557.39,826.76
2014-03-02,662.18,544.56,1263.06
2014-03-03,661.85,662.18,1365.98
2014-03-04,658.3,661.85,1259.48
2014-03-05,648.26,658.3,2067.16
2014-03-06,616.73,648.26,2336.74
2014-03-07,609.21,616.73,2166.01
2014-03-08,627.05,609.21,1950.45
2014-03-09,612.97,627.05,2627.73
2014-03-10,608.69,612.97,2432.39
2014-03-11,619.43,608.69,3194.67
2014-03-12,625.04,619.43,3410.64
2014-03-13,614.03,625.04,4001.32
2014-03-14,624.03,614.03,3461.06
2014-03-15,619.14,624.03,3296.37
2014-03-16,606.38,619.14,3576.51
2014-03-17,598.93,606.38,3654.27
2014-03-18,594.96,598.93,3579.25
2014-03-19,565.99,594.96,4241.08
2014-03-20,549.6,565.99,3822.85
2014-03-21,564.34,549.6,3765.57
2014-03-22,551.16,564.34,4134.15
2014-03-23,567.56,551.16,3668.42
2014-03-24,562.89,567.56,3866.46
2014-03-25,562.45,562.89,3704.69
2014-03-26,460.45,562.45,3782.96
2014-03-27,482.61,460.45,4113.87
2014-03-28,477.11,482.61,4284.5
2014-03-29,446.92,477.11,3860.41
2014-03-30,444.66,446.92,4149.05
2014-03-31,463.45,444.66,3969.98
2014-04-01,424.37,463.45,4382.38
2014-04-02,436.31,424.37,4022.93
2014-04-03,444.36,436.31,2565.03
2014-04-04,456.63,444.36,1158.02
2014-04-05,455.69,456.63,3591.85
2014-04-06,462.38,455.69,3954.49
2014-04-07,466.56,462.38,3906.04
2014-04-08,457.34,466.56,3881.54
2014-04-09,384.63,457.34,3647.72
2014-04-10,435.14,384.63,5162.96
2014-04-11,437.65,435.14,5188.34
2014-04-12,427.6,437.65,4972.43
2014-04-13,478.38,427.6,7624.33
2014-04-14,526.43,478.38,7999.66
2014-04-15,536.95,526.43,8059.05
2014-04-16,502.0,536.95,8003.07
2014-04-17,485.52,502.0,8359.97
2014-04-18,506.02,485.52,8375.39
2014-04-19,498.51,506.02,7684.61
2014-04-20,495.16,498.51,7351.96
2014-04-21,487.91,495.16,5681.23
2014-04-22,487.3,487.91,4743.76
2014-04-23,500.29,487.3,4227.98
2014-04-24,464.49,500.29,6445.92
2014-04-25,457.87,464.49,6894.1
2014-04-26,443.18,457.87,6960.48
2014-04-27,441.92,443.18,4543.04
2014-04-28,446.12,441.92,3721.09
2014-04-29,445.63,446.12,4084.26
2014-04-30,460.13,445.63,4198.81
2014-05-01,453.67,460.13,3377.59
2014-05-02,438.65,453.67,2576.42
2014-05-03,436.05,438.65,3373.67
2014-05-04,430.87,436.05,3042.43
2014-05-05,432.19,430.87,4184.68
2014-05-06,446.55,432.19,5031.0
2014-05-07,441.11,446.55,2543.19
2014-05-08,445.45,441.11,2266.91
2014-05-09,451.9,445.45,446.84
2014-05-10,433.23,451.9,1890.97
2014-05-11,438.21,433.23,1386.7
2014-05-12,433.92,438.21,2651.68
2014-05-13,442.63,433.92,2200.61
2014-05-14,448.1,442.63,2169.07
2014-05-15,453.63,448.1,1758.25
2014-05-16,452.79,453.63,1704.83
2014-05-17,450.14,452.79,1449.47
2014-05-18,443.9,450.14,1351.0
2014-05-19,484.57,443.9,1899.12
2014-05-20,488.84,484.57,1394.82
2014-05-21,515.36,488.84,3124.47
2014-05-22,518.09,515.36,2763.64
2014-05-23,520.46,518.09,2857.47
2014-05-24,570.44,520.46,1873.75
2014-05-25,582.01,570.44,2958.74
2014-05-26,570.1,582.01,3353.12
2014-05-27,570.84,570.1,3569.69
2014-05-28,564.42,570.84,3734.36
2014-05-29,612.35,564.42,6205.87
2014-05-30,627.91,612.35,4409.91
2014-05-31,649.79,627.91,3552.12
2014-06-01,655.49,649.79,4134.25
2014-06-02,669.43,655.49,4360.3
2014-06-03,638.93,669.43,5597.3
2014-06-04,660.18,638.93,2761.43
2014-06-05,650.41,660.18,6035.98
2014-06-06,651.67,650.41,1968.61
2014-06-07,651.05,651.67,3313.68
2014-06-08,644.35,651.05,3258.34
2014-06-09,655.62,644.35,3558.54
2014-06-10,642.95,655.62,3800.84
2014-06-11,597.13,642.95,4586.48
2014-06-12,610.35,597.13,7545.7
2014-06-13,583.42,610.35,4999.15
2014-06-14,582.29,583.42,3942.88
2014-06-15,599.08,582.29,3991.36
2014-06-16,605.09,599.08,2999.39
2014-06-17,606.21,605.09,3312.07
2014-06-18,600.17,606.21,5601.33
2014-06-19,590.75,600.17,2153.94
2014-06-20,597.04,590.75,2282.89
2014-06-21,603.62,597.04,2036.79
2014-06-22,591.17,603.62,2652.78
2014-06-23,588.77,591.17,3077.48
2014-06-24,568.45,588.77,3090.79
2014-06-25,582.7,568.45,4147.81
2014-06-26,602.23,582.7,3388.65
2014-06-27,597.56,602.23,2938.93
2014-06-28,601.06,597.56,2892.18
2014-06-29,635.14,601.06,3832.86
2014-06-30,643.19,635.14,4106.32
2014-07-01,645.72,643.19,4784.21
2014-07-02,638.03,645.72,4010.26
2014-07-03,623.96,638.03,3601.75
2014-07-04,622.96,623.96,3247.38
2014-07-05,626.65,622.96,2700.79
2014-07-06,613.6,626.65,2529.86
2014-07-07,615.32,613.6,3206.28
2014-07-08,623.0,615.32,3066.24
2014-07-09,618.39,623.0,3604.7
2014-07-10,632.9,618.39,3124.17
2014-07-11,635.9,632.9,3433.0
2014-07-12,628.03,635.9,1703.49
2014-07-13,618.32,628.03,2553.73
2014-07-14,619.6,618.32,3693.18
2014-07-15,614.8,619.6,2997.32
2014-07-16,626.58,614.8,2922.04
2014-07-17,627.47,626.58,3344.66
2014-07-18,627.04,627.47,3961.13
2014-07-19,620.98,627.04,2302.87
2014-07-20,625.13,620.98,2534.07
2014-07-21,622.53,625.13,3277.44
2014-07-22,621.69,622.53,2170.81
2014-07-23,601.87,621.69,4740.92
2014-07-24,600.5,601.87,5919.22
2014-07-25,596.0,600.5,3478.73
2014-07-26,595.03,596.0,3530.72
2014-07-27,587.93,595.03,2331.14
2014-07-28,585.77,587.93,6719.13
2014-07-29,564.64,585.77,4103.24
2014-07-30,589.52,564.64,3523.28
2014-07-31,598.78,589.52,8925.21
2014-08-01,591.72,598.78,2122.58
2014-08-02,588.94,591.72,1263.34
2014-08-03,592.77,588.94,3415.53
2014-08-04,588.76,592.77,4085.09
2014-08-05,589.77,588.76,3009.97
2014-08-06,592.8,589.77,2504.42
2014-08-07,595.85,592.8,3105.95
2014-08-08,589.52,595.85,1418.03
2014-08-09,592.06,589.52,1337.97
2014-08-10,575.89,592.06,2569.39
2014-08-11,567.66,575.89,3325.01
2014-08-12,542.1,567.66,4818.58
2014-08-13,504.8,542.1,10880.44
2014-08-14,496.45,504.8,4767.38
2014-08-15,522.01,496.45,3870.22
2014-08-16,485.5,522.01,3143.96
2014-08-17,462.18,485.5,6378.17
2014-08-18,485.12,462.18,5120.41
2014-08-19,516.78,485.12,5886.41
2014-08-20,517.94,516.78,5645.78
2014-08-21,516.1,517.94,6026.98
2014-08-22,497.68,516.1,3130.85
2014-08-23,509.71,497.68,2533.3
2014-08-24,502.93,509.71,2737.95
2014-08-25,512.56,502.93,3530.19
2014-08-26,515.23,512.56,3785.72
2014-08-27,510.75,515.23,4465.72
2014-08-28,512.56,510.75,3641.78
2014-08-29,505.96,512.56,2631.22
2014-08-30,481.78,505.96,6094.87
2014-08-31,477.19,481.78,6785.79
2014-09-01,478.94,477.19,6751.24
2014-09-02,480.04,478.94,6140.33
2014-09-03,490.99,480.04,8807.05
2014-09-04,483.65,490.99,6038.09
2014-09-05,484.47,483.65,3791.0
2014-09-06,485.75,484.47,3562.92
2014-09-07,475.69,485.75,8140.06
2014-09-08,474.9,475.69,7289.11
2014-09-09,479.7,474.9,8292.88
2014-09-10,478.49,479.7,6289.68
2014-09-11,477.73,478.49,5145.48
2014-09-12,478.17,477.73,5274.65
2014-09-13,477.74,478.17,4205.73
2014-09-14,477.71,477.74,5629.86
2014-09-15,466.75,477.71,6522.37
2014-09-16,461.09,466.75,7504.98
2014-09-17,424.26,461.09,8924.54
2014-09-18,397.67,424.26,14968.82
2014-09-19,411.53,397.67,14289.35
2014-09-20,401.62,411.53,10421.33
2014-09-21,404.09,401.62,13514.58
2014-09-22,436.86,404.09,17940.15
2014-09-23,423.77,436.86,21365.64
2014-09-24,412.29,423.77,14627.1
2014-09-25,404.46,412.29,12115.07
2014-09-26,399.02,404.46,9735.27
2014-09-27,379.08,399.02,13937.15
2014-09-28,376.77,379.08,20684.56
2014-09-29,388.17,376.77,16921.07
2014-09-30,382.84,388.17,17730.98
2014-10-01,375.14,382.84,14300.82
2014-10-02,363.45,375.14,16807.97
2014-10-03,335.32,363.45,23035.97
2014-10-04,322.86,335.32,29851.16
2014-10-05,331.55,322.86,41171.56
2014-10-06,331.65,331.55,30173.83
2014-10-07,350.87,331.65,21769.57
2014-10-08,360.91,350.87,35591.34
2014-10-09,361.71,360.91,28410.42
2014-10-10,361.22,361.71,13926.45
2014-10-11,373.17,361.22,11227.53
2014-10-12,387.32,373.17,23576.02
2014-10-13,397.1,387.32,28866.7
2014-10-14,393.17,397.1,22484.5
2014-10-15,379.77,393.17,20785.9
2014-10-16,380.48,379.77,16567.87
2014-10-17,390.88,380.48,9445.79
2014-10-18,387.28,390.88,5325.52
2014-10-19,380.39,387.28,10555.47
2014-10-20,382.35,380.39,9662.14
2014-10-21,378.93,382.35,10531.04
2014-10-22,355.78,378.93,19121.88
2014-10-23,355.1,355.78,20034.01
2014-10-24,346.72,355.1,14042.93
2014-10-25,348.67,346.72,11577.83
2014-10-26,350.09,348.67,10603.46
2014-10-27,351.06,350.09,9430.8
2014-10-28,335.12,351.06,12263.9
2014-10-29,344.86,335.12,16120.98
2014-10-30,337.87,344.86,14003.95
2014-10-31,325.43,337.87,13774.48
2014-11-01,322.55,325.43,11896.65
2014-11-02,324.24,322.55,13433.34
2014-11-03,327.96,324.24,15115.03
2014-11-04,338.01,327.96,15838.15
2014-11-05,347.67,338.01,15649.72
2014-11-06,341.87,347.67,15017.27
2014-11-07,343.54,341.87,8188.25
2014-11-08,362.04,343.54,12627.93
2014-11-09,367.15,362.04,22804.61
2014-11-10,365.42,367.15,15790.68
2014-11-11,432.03,365.42,38528.79
2014-11-12,428.72,432.03,58200.73
2014-11-13,396.53,428.72,35731.03
2014-11-14,374.86,396.53,13328.33
2014-11-15,385.61,374.86,14350.82
2014-11-16,384.69,385.61,27600.89
2014-11-17,379.16,384.69,27093.72
2014-11-18,381.43,379.16,19867.47
2014-11-19,357.3,381.43,21984.22
2014-11-20,351.77,357.3,23467.39
2014-11-21,352.01,351.77,12943.87
2014-11-22,365.85,352.01,12413.55
2014-11-23,378.85,365.85,24564.84
2014-11-24,376.43,378.85,45317.22
2014-11-25,365.35,376.43,23979.74
2014-11-26,368.83,365.35,13849.29
2014-11-27,377.59,368.83,43015.35
2014-11-28,376.28,377.59,83451.95
2014-11-29,374.93,376.28,11289.41
2014-11-30,378.61,374.93,19673.15
2014-12-01,380.64,378.61,25285.47
2014-12-02,376.96,380.64,23504.51
2014-12-03,369.84,376.96,25331.17
2014-12-04,377.63,369.84,29989.83
2014-12-05,376.26,377.63,11072.87
2014-12-06,376.47,376.26,8811.71
2014-12-07,364.95,376.47,22917.66
2014-12-08,352.19,364.95,43827.16
2014-12-09,347.94,352.19,27133.46
2014-12-10,347.68,347.94,51080.97
2014-12-11,353.4,347.68,26850.92
2014-12-12,348.24,353.4,19542.41
2014-12-13,349.35,348.24,12342.41
2014-12-14,345.37,349.35,22160.68
2014-12-15,330.22,345.37,38589.75
2014-12-16,320.02,330.22,61338.52
2014-12-17,310.34,320.02,60516.23
2014-12-18,317.78,310.34,41711.62
2014-12-19,330.35,317.78,29920.43
2014-12-20,322.63,330.35,20668.93
2014-12-21,330.84,322.63,35363.79
2014-12-22,335.25,330.84,24066.78
2014-12-23,322.4,335.25,21524.09
2014-12-24,318.99,322.4,15388.54
2014-12-25,329.98,318.99,23005.85
2014-12-26,315.34,329.98,21631.92
2014-12-27,316.53,315.34,20414.2
2014-12-28,314.12,316.53,20355.29
2014-12-29,311.27,314.12,22777.45
2014-12-30,318.24,311.27,20496.34
2014-12-31,314.89,318.24,12820.26
2015-01-01,315.21,314.89,14728.97
2015-01-02,287.13,315.21,47366.46
2015-01-03,264.72,287.13,88769.22
2015-01-04,274.84,264.72,54993.28
2015-01-05,282.27,274.84,21939.38
2015-01-06,291.34,282.27,30666.87
2015-01-07,282.69,291.34,20182.8
2015-01-08,287.97,282.69,20924.65
2015-01-09,273.35,287.97,14724.72
2015-01-10,264.77,273.35,15111.35
2015-01-11,269.33,264.77,25384.85
2015-01-12,221.29,269.33,95497.81
2015-01-13,164.92,221.29,170682.75
2015-01-14,209.78,164.92,124666.16
2015-01-15,206.92,209.78,62321.12
2015-01-16,199.65,206.92,43131.44
2015-01-17,210.62,199.65,40367.48
2015-01-18,215.87,210.62,31578.61
2015-01-19,210.55,215.87,37484.43
2015-01-20,228.17,210.55,43184.11
2015-01-21,232.7,228.17,53706.05
2015-01-22,232.17,232.7,38166.88
2015-01-23,248.16,232.17,33239.37
2015-01-24,252.09,248.16,50188.59
2015-01-25,269.18,252.09,105714.48
2015-01-26,263.27,269.18,50260.04
2015-01-27,236.17,263.27,63771.42
2015-01-28,233.99,236.17,54485.72
2015-01-29,231.84,233.99,48226.84
2015-01-30,218.51,231.84,42154.24
2015-01-31,225.29,218.51,41163.75
2015-02-01,238.86,225.29,39015.62
2015-02-02,227.41,238.86,63078.64
2015-02-03,226.58,227.41,55242.53
2015-02-04,216.52,226.58,40642.68
2015-02-05,222.96,216.52,52515.37
2015-02-06,227.68,222.96,39761.33
2015-02-07,223.67,227.68,29048.5
2015-02-08,220.34,223.67,91686.86
2015-02-09,219.67,220.34,86145.83
2015-02-10,218.83,219.67,71734.25
2015-02-11,221.79,218.83,50109.53
2015-02-12,236.17,221.79,112253.36
2015-02-13,258.64,236.17,133796.04
2015-02-14,233.27,258.64,179142.98
2015-02-15,235.83,233.27,115467.55
2015-02-16,243.2,235.83,116259.51
2015-02-17,235.2,243.2,99662.48
2015-02-18,241.92,235.2,66053.23
2015-02-19,244.52,241.92,83584.59
2015-02-20,244.41,244.52,42952.95
2015-02-21,235.73,244.41,75700.07
2015-02-22,238.82,235.73,62672.06
2015-02-23,238.89,238.82,45034.29
2015-02-24,237.33,238.89,38095.34
2015-02-25,236.53,237.33,50871.35
2015-02-26,253.47,236.53,167808.96
2015-02-27,254.06,253.47,39409.14
2015-02-28,257.94,254.06,51327.58
2015-03-01,273.75,257.94,81093.26
2015-03-02,280.65,273.75,164816.88
2015-03-03,271.92,280.65,138996.99
2015-03-04,275.23,271.92,123644.37
2015-03-05,272.56,275.23,98796.9
2015-03-06,274.91,272.56,60715.12
2015-03-07,274.49,274.91,50400.9
2015-03-08,290.02,274.49,151770.38
2015-03-09,291.37,290.02,158177.83
2015-03-10,295.6,291.37,79980.96
2015-03-11,293.85,295.6,107321.48
2015-03-12,287.21,293.85,97342.01
2015-03-13,281.6,287.21,75719.87
2015-03-14,284.88,281.6,39454.72
2015-03-15,290.41,284.88,66339.57
2015-03-16,285.38,290.41,65014.37
2015-03-17,255.92,285.38,206739.42
2015-03-18,260.93,255.92,180691.53
2015-03-19,261.78,260.93,52832.95
2015-03-20,259.71,261.78,51651.97
2015-03-21,268.57,259.71,56633.33
2015-03-22,265.46,268.57,81449.75
2015-03-23,246.72,265.46,151085.48
2015-03-24,246.37,246.72,131441.85
2015-03-25,248.02,246.37,89470.97
2015-03-26,247.21,248.02,62563.89
2015-03-27,252.02,247.21,55058.15
2015-03-28,242.08,252.02,77539.18
2015-03-29,246.79,242.08,85332.75
2015-03-30,244.15,246.79,75332.15
2015-03-31,246.24,244.15,67076.52
2015-04-01,252.6,246.24,81367.61
2015-04-02,254.48,252.6,71738.22
2015-04-03,252.89,254.48,30716.88
2015-04-04,259.64,252.89,43829.64
2015-04-05,254.97,259.64,45930.83
2015-04-06,252.97,254.97,44793.41
2015-04-07,244.57,252.97,102647.59
2015-04-08,243.32,244.57,69191.17
2015-04-09,234.73,243.32,100200.45
2015-04-10,236.48,234.73,51985.54
2015-04-11,235.85,236.48,33032.15
2015-04-12,223.59,235.85,105151.51
2015-04-13,217.99,223.59,115188.26
2015-04-14,222.97,217.99,77228.44
2015-04-15,227.98,222.97,84889.1
2015-04-16,222.59,227.98,66924.16
2015-04-17,223.35,222.59,36537.62
2015-04-18,223.02,223.35,35495.15
2015-04-19,224.24,223.02,44871.84
2015-04-20,233.73,224.24,68344.58
2015-04-21,233.78,233.73,77563.53
2015-04-22,235.4,233.78,42449.83
2015-04-23,231.09,235.4,69782.78
2015-04-24,226.14,231.09,43784.18
2015-04-25,218.7,226.14,100764.79
2015-04-26,228.96,218.7,123411.71
2015-04-27,225.81,228.96,65971.19
2015-04-28,225.42,225.81,60889.41
2015-04-29,235.77,225.42,112238.62
2015-04-30,233.21,235.77,60139.08
2015-05-01,235.34,233.21,37075.6
2015-05-02,239.99,235.34,55715.89
2015-05-03,238.97,239.99,69115.5
2015-05-04,235.82,238.97,77868.42
2015-05-05,230.03,235.82,103664.18
2015-05-06,237.73,230.03,91051.83
2015-05-07,243.74,237.73,87502.6
2015-05-08,241.4,243.74,62786.96
2015-05-09,239.96,241.4,44003.2
2015-05-10,241.81,239.96,57165.49
2015-05-11,241.58,241.81,40080.32
2015-05-12,236.38,241.58,84427.04
2015-05-13,236.9,236.38,71016.47
2015-05-14,237.2,236.9,46029.85
2015-05-15,236.23,237.2,27053.46
2015-05-16,236.3,236.23,28432.51
2015-05-17,232.64,236.3,53141.78
2015-05-18,232.02,232.64,40937.49
2015-05-19,233.96,232.02,49689.83
2015-05-20,235.38,233.96,42934.55
2015-05-21,240.37,235.38,74109.92
2015-05-22,238.94,240.37,36028.98
2015-05-23,240.98,238.94,30256.48
2015-05-24,237.41,240.98,26385.48
2015-05-25,237.84,237.41,37077.02
2015-05-26,237.29,237.84,48026.76
2015-05-27,237.32,237.29,35748.86
2015-05-28,237.03,237.32,38923.78
2015-05-29,233.22,237.03,41630.86
2015-05-30,229.84,233.22,38997.51
2015-05-31,223.14,229.84,87057.03
2015-06-01,225.74,223.14,60804.73
2015-06-02,225.59,225.74,54353.18
2015-06-03,224.22,225.59,44055.99
2015-06-04,225.29,224.22,56455.17
2015-06-05,224.74,225.29,22467.76
2015-06-06,223.47,224.74,40481.39
2015-06-07,228.57,223.47,74152.69
2015-06-08,229.56,228.57,54837.44
2015-06-09,228.79,229.56,41639.32
2015-06-10,229.88,228.79,38004.06
2015-06-11,230.46,229.88,40744.82
2015-06-12,232.48,230.46,38008.73
2015-06-13,233.75,232.48,32894.87
2015-06-14,237.0,233.75,63467.09
2015-06-15,249.82,237.0,122473.61
2015-06-16,247.38,249.82,121617.91
2015-06-17,248.44,247.38,78135.55
2015-06-18,244.13,248.44,84699.65
2015-06-19,244.98,244.13,51281.32
2015-06-20,244.1,244.98,25152.47
2015-06-21,247.46,244.1,47587.53
2015-06-22,243.76,247.46,38427.99
2015-06-23,240.56,243.76,47109.76
2015-06-24,242.56,240.56,40360.36
2015-06-25,242.95,242.56,37617.83
2015-06-26,250.73,242.95,54700.08
2015-06-27,248.88,250.73,39892.18
2015-06-28,256.97,248.88,92643.49
2015-06-29,264.12,256.97,116532.34
2015-06-30,257.62,264.12,66934.73
2015-07-01,254.88,257.62,45004.59
2015-07-02,255.4,254.88,36579.6
2015-07-03,260.55,255.4,32951.08
2015-07-04,270.14,260.55,48445.72
2015-07-05,269.08,270.14,90578.41
2015-07-06,266.21,269.08,41609.36
2015-07-07,268.64,266.21,45290.37
2015-07-08,269.14,268.64,48385.86
2015-07-09,283.62,269.14,117173.84
2015-07-10,291.97,283.62,46487.25
2015-07-11,310.44,291.97,120702.44
2015-07-12,290.35,310.44,146845.71
2015-07-13,286.96,290.35,60619.43
2015-07-14,283.42,286.96,59578.59
2015-07-15,276.59,283.42,121324.43
2015-07-16,279.62,276.59,62121.51
2015-07-17,274.05,279.62,55337.05
2015-07-18,273.18,274.05,30202.22
2015-07-19,277.68,273.18,46596.58
2015-07-20,275.09,277.68,49054.44
2015-07-21,276.46,275.09,41969.04
2015-07-22,275.52,276.46,35661.27
2015-07-23,288.37,275.52,74359.53
2015-07-24,288.74,288.37,41648.34
2015-07-25,291.77,288.74,30991.92
2015-07-26,293.01,291.77,69710.58
2015-07-27,293.7,293.01,49065.8
2015-07-28,288.37,293.7,50673.64
2015-07-29,287.02,288.37,44792.49
2015-07-30,283.73,287.02,49212.01
2015-07-31,280.47,283.73,39426.68
2015-08-01,281.36,280.47,35672.07
2015-08-02,281.58,281.36,45894.1
2015-08-03,284.3,281.58,44841.21
2015-08-04,281.72,284.3,38285.97
2015-08-05,278.0,281.72,33261.93
2015-08-06,277.89,278.0,42811.69
2015-08-07,258.6,277.89,82543.32
2015-08-08,263.87,258.6,57475.12
2015-08-09,263.3,263.87,48569.01
2015-08-10,269.03,263.3,51361.8
2015-08-11,267.66,269.03,56734.31
2015-08-12,263.44,267.66,56486.75
2015-08-13,265.03,263.44,52327.95
2015-08-14,260.52,265.03,38905.99
2015-08-15,257.12,260.52,69037.08
2015-08-16,257.13,257.12,47882.96
2015-08-17,246.72,257.13,94503.04
2015-08-18,226.0,246.72,245822.71
2015-08-19,234.66,226.0,90981.27
2015-08-20,232.4,234.66,57649.08
2015-08-21,229.54,232.4,74205.5
2015-08-22,226.75,229.54,48840.79
2015-08-23,211.43,226.75,196695.2
2015-08-24,220.51,211.43,190793.65
2015-08-25,224.97,220.51,92812.47
2015-08-26,222.73,224.97,60246.06
2015-08-27,231.64,222.73,90660.85
2015-08-28,228.5,231.64,43740.08
2015-08-29,228.4,228.5,39808.01
2015-08-30,229.47,228.4,54507.28
2015-08-31,227.18,229.47,66543.6
2015-09-01,228.63,227.18,58765.75
2015-09-02,226.2,228.63,54150.19
2015-09-03,230.25,226.2,61762.93
2015-09-04,233.67,230.25,48280.18
2015-09-05,239.86,233.67,66271.08
2015-09-06,239.58,239.86,57187.93
2015-09-07,243.24,239.58,76353.97
2015-09-08,237.41,243.24,69263.89
2015-09-09,238.08,237.41,60537.22
2015-09-10,239.9,238.08,45773.98
2015-09-11,235.6,239.9,43773.9
2015-09-12,230.19,235.6,51595.8
2015-09-13,229.91,230.19,61097.39
2015-09-14,229.53,229.91,49516.04
2015-09-15,228.6,229.53,51913.1
2015-09-16,232.72,228.6,56060.73
2015-09-17,232.21,232.72,53168.52
2015-09-18,231.11,232.21,34470.84
2015-09-19,231.09,231.11,33153.05
2015-09-20,226.33,231.09,53425.18
2015-09-21,230.01,226.33,71545.59
2015-09-22,229.89,230.01,43602.2
2015-09-23,233.76,229.89,72124.09
2015-09-24,235.03,233.76,61574.99
2015-09-25,234.3,235.03,40288.81
2015-09-26,232.5,234.3,36139.39
2015-09-27,238.87,232.5,64274.87
2015-09-28,236.71,238.87,57296.63
2015-09-29,235.93,236.71,50515.18
2015-09-30,237.05,235.93,52884.47
2015-10-01,236.71,237.05,47941.6
2015-10-02,238.58,236.71,43304.67
2015-10-03,238.33,238.58,31854.49
2015-10-04,240.15,238.33,61240.52
2015-10-05,246.14,240.15,78843.88
2015-10-06,242.98,246.14,62600.8
2015-10-07,242.58,242.98,44153.62
2015-10-08,244.04,242.58,40572.8
2015-10-09,245.35,244.04,38960.98
2015-10-10,247.65,245.35,41425.58
2015-10-11,245.35,247.65,40389.34
2015-10-12,248.78,245.35,74881.9
2015-10-13,252.33,248.78,69581.72
2015-10-14,254.44,252.33,60635.46
2015-10-15,262.87,254.44,95178.55
2015-10-16,269.58,262.87,113842.13
2015-10-17,261.67,269.58,52264.98
2015-10-18,263.82,261.67,58169.97
2015-10-19,269.75,263.82,75401.79
2015-10-20,267.11,269.75,59638.03
2015-10-21,274.42,267.11,93154.36
2015-10-22,276.92,274.42,69321.79
2015-10-23,282.56,276.92,60132.74
2015-10-24,287.86,282.56,113901.26
2015-10-25,285.15,287.86,73205.79
2015-10-26,294.66,285.15,105868.3
2015-10-27,303.54,294.66,116408.66
2015-10-28,313.63,303.54,138919.55
2015-10-29,327.12,313.63,156489.02
2015-10-30,311.24,327.12,105831.92
2015-10-31,322.95,311.24,73712.79
2015-11-01,359.28,322.95,223094.73
2015-11-02,396.49,359.28,421992.87
2015-11-03,400.89,396.49,517733.91
2015-11-04,382.7,400.89,302953.09
2015-11-05,369.81,382.7,255274.81
2015-11-06,385.09,369.81,103025.55
2015-11-07,371.56,385.09,94356.82
2015-11-08,380.22,371.56,125535.36
2015-11-09,336.69,380.22,210288.65
2015-11-10,304.71,336.69,263962.67
2015-11-11,333.85,304.71,164613.86
2015-11-12,333.77,333.85,97247.84
2015-11-13,331.77,333.77,71109.3
2015-11-14,317.45,331.77,88318.89
2015-11-15,330.21,317.45,87141.33
2015-11-16,333.91,330.21,98247.88
2015-11-17,335.92,333.91,78355.69
2015-11-18,324.98,335.92,86374.86
2015-11-19,321.12,324.98,109984.76
2015-11-20,324.7,321.12,44997.78
2015-11-21,322.78,324.7,36748.64
2015-11-22,322.12,322.78,42733.54
2015-11-23,318.35,322.12,50660.16
2015-11-24,327.52,318.35,77684.42
2015-11-25,353.74,327.52,211376.8
2015-11-26,359.52,353.74,103479.86
2015-11-27,355.83,359.52,56171.07
2015-11-28,370.84,355.83,67365.88
2015-11-29,377.97,370.84,129767.07
2015-11-30,361.8,377.97,111904.7
2015-12-01,359.98,361.8,92449.73
2015-12-02,360.31,359.98,87225.21
2015-12-03,361.67,360.31,60548.44
2015-12-04,386.69,361.67,115198.52
2015-12-05,393.38,386.69,131856.64
2015-12-06,394.28,393.38,96750.51
2015-12-07,410.67,394.28,74361.57
2015-12-08,416.0,410.67,147362.83
2015-12-09,415.49,416.0,71661.75
2015-12-10,449.83,415.49,175058.38
2015-12-11,432.29,449.83,211440.71
2015-12-12,434.69,432.29,64139.63
2015-12-13,442.0,434.69,218923.82
2015-12-14,462.65,442.0,107064.22
2015-12-15,453.98,462.65,185221.17
2015-12-16,455.53,453.98,64574.94
2015-12-17,463.18,455.53,83409.95
2015-12-18,461.2,463.18,61309.41
2015-12-19,441.78,461.2,121531.64
2015-12-20,437.59,441.78,121990.88
2015-12-21,437.03,437.59,65785.54
2015-12-22,442.43,437.03,63247.04
2015-12-23,452.98,442.43,79604.01
2015-12-24,454.05,452.98,42390.82
2015-12-25,415.37,454.05,208582.27
2015-12-26,422.39,415.37,67581.91
2015-12-27,421.76,422.39,68345.44
2015-12-28,431.92,421.76,70645.37
2015-12-29,427.15,431.92,68269.9
2015-12-30,429.95,427.15,65213.47
2015-12-31,433.99,429.95,46973.12
2016-01-01,433.72,433.99,33570.39
2016-01-02,430.7,433.72,54826.26
2016-01-03,433.32,430.7,53007.87
2016-01-04,431.2,433.32,45029.87
2016-01-05,430.82,431.2,43432.03
2016-01-06,457.05,430.82,130197.44
2016-01-07,452.87,457.05,91304.61
2016-01-08,448.31,452.87,39809.95
2016-01-09,446.19,448.31,44457.28
2016-01-10,447.72,446.19,56587.4
2016-01-11,445.04,447.72,44585.93
2016-01-12,432.18,445.04,92040.06
2016-01-13,429.13,432.18,46172.51
2016-01-14,372.26,429.13,268141.73
2016-01-15,385.04,372.26,183962.03
2016-01-16,382.47,385.04,66089.34
2016-01-17,384.4,382.47,69301.33
2016-01-18,379.46,384.4,66345.24
2016-01-19,414.58,379.46,190316.94
2016-01-20,410.24,414.58,89938.22
2016-01-21,382.65,410.24,144856.97
2016-01-22,388.61,382.65,61383.14
2016-01-23,402.13,388.61,64535.73
2016-01-24,392.76,402.13,67659.06
2016-01-25,389.78,392.76,56805.12
2016-01-26,395.02,389.78,43678.72
2016-01-27,379.69,395.02,77319.55
2016-01-28,380.29,379.69,138455.81
2016-01-29,377.76,380.29,36179.6
2016-01-30,369.84,377.76,39019.71
2016-01-31,372.18,369.84,74346.01
2016-02-01,373.92,372.18,50981.07
2016-02-02,368.02,373.92,59813.05
2016-02-03,390.65,368.02,101868.7
2016-02-04,386.46,390.65,60917.35
2016-02-05,376.68,386.46,78850.1
2016-02-06,377.94,376.68,40743.17
2016-02-07,372.63,377.94,62236.23
2016-02-08,375.32,372.63,55358.89
2016-02-09,381.88,375.32,97487.81
2016-02-10,379.45,381.88,62653.08
2016-02-11,384.04,379.45,53759.93
2016-02-12,390.1,384.04,48158.05
2016-02-13,405.5,390.1,73589.64
2016-02-14,401.07,405.5,86127.28
2016-02-15,406.42,401.07,68330.32
2016-02-16,417.14,406.42,90323.21
2016-02-17,421.4,417.14,77346.22
2016-02-18,419.98,421.4,52240.27
2016-02-19,440.06,419.98,111626.76
2016-02-20,437.87,440.06,100499.03
2016-02-21,437.79,437.87,56010.22
2016-02-22,419.9,437.79,93717.62
2016-02-23,422.72,419.9,66506.84
2016-02-24,423.48,422.72,53541.45
2016-02-25,427.32,423.48,53212.34
2016-02-26,431.3,427.32,42792.33
2016-02-27,432.47,431.3,50847.07
2016-02-28,436.21,432.47,68773.52
2016-02-29,434.04,436.21,67461.59
2016-03-01,425.36,434.04,57744.55
2016-03-02,419.56,425.36,78902.45
2016-03-03,409.48,419.56,75267.61
2016-03-04,399.0,409.48,129149.15
2016-03-05,405.96,399.0,62593.92
2016-03-06,414.87,405.96,61774.07
2016-03-07,411.9,414.87,53769.8
2016-03-08,412.76,411.9,50919.66
2016-03-09,415.83,412.76,55735.81
2016-03-10,419.11,415.83,60632.19
2016-03-11,410.36,419.11,59635.49
2016-03-12,412.41,410.36,34977.81
2016-03-13,414.31,412.41,49332.82
2016-03-14,415.13,414.31,48596.63
2016-03-15,415.91,415.13,44535.24
2016-03-16,418.16,415.91,43820.66
2016-03-17,408.16,418.16,66068.03
2016-03-18,408.69,408.16,36997.54
2016-03-19,411.53,408.69,30543.21
2016-03-20,411.11,411.53,43159.26
2016-03-21,416.21,411.11,49075.11
2016-03-22,416.98,416.21,40605.05
2016-03-23,414.74,416.98,38828.43
2016-03-24,415.71,414.74,34588.15
2016-03-25,416.51,415.71,28056.64
2016-03-26,424.57,416.51,61724.4
2016-03-27,422.21,424.57,43444.76
2016-03-28,415.0,422.21,69113.03
2016-03-29,412.44,415.0,43282.31
2016-03-30,415.66,412.44,41840.9
2016-03-31,415.64,415.66,38218.91
2016-04-01,418.51,415.64,31309.25
2016-04-02,419.06,418.51,22798.16
2016-04-03,419.33,419.06,33436.9
2016-04-04,422.07,419.33,40886.78
2016-04-05,421.26,422.07,32667.23
2016-04-06,420.14,421.26,36056.99
2016-04-07,417.69,420.14,46947.25
2016-04-08,418.05,417.69,29424.6
2016-04-09,420.25,418.05,23300.23
2016-04-10,421.43,420.25,36387.29
2016-04-11,424.74,421.43,57711.94
2016-04-12,423.47,424.74,38088.6
2016-04-13,424.02,423.47,30664.4
2016-04-14,428.67,424.02,54119.98
2016-04-15,430.05,428.67,29021.18
2016-04-16,426.26,430.05,25586.86
2016-04-17,427.69,426.26,32574.71
2016-04-18,434.92,427.69,45675.4
2016-04-19,441.16,434.92,74361.53
2016-04-20,449.34,441.16,63127.8
2016-04-21,445.28,449.34,49710.33
2016-04-22,450.08,445.28,42358.77
2016-04-23,457.56,450.08,74434.28
2016-04-24,461.73,457.56,81656.03
2016-04-25,466.0,461.73,67557.86
2016-04-26,447.01,466.0,90806.31
2016-04-27,448.48,447.01,81934.58
2016-04-28,454.98,448.48,44850.72
2016-04-29,448.53,454.98,35308.4
2016-04-30,452.24,448.53,21745.59
2016-05-01,444.18,452.24,73854.48
2016-05-02,450.27,444.18,49749.84
2016-05-03,445.8,450.27,39440.84
2016-05-04,448.08,445.8,41887.49
2016-05-05,459.56,448.08,68429.7
2016-05-06,458.46,459.56,30971.06
2016-05-07,457.87,458.46,27597.1
2016-05-08,460.44,457.87,48422.16
2016-05-09,449.36,460.44,59992.45
2016-05-10,452.5,449.36,39965.14
2016-05-11,454.43,452.5,49186.86
2016-05-12,455.41,454.43,32389.98
2016-05-13,456.44,455.41,20360.7
2016-05-14,458.11,456.44,21196.42
2016-05-15,454.87,458.11,36601.5
2016-05-16,453.25,454.87,34628.34
2016-05-17,454.22,453.25,32606.95
2016-05-18,442.66,454.22,59385.1
2016-05-19,442.11,442.66,48431.62
2016-05-20,443.64,442.11,22999.29
2016-05-21,439.62,443.64,28739.45
2016-05-22,443.69,439.62,35897.23
2016-05-23,446.11,443.69,33214.62
2016-05-24,449.78,446.11,37716.29
2016-05-25,453.3,449.78,37715.9
2016-05-26,474.05,453.3,135674.57
2016-05-27,524.22,474.05,150172.04
2016-05-28,516.05,524.22,152570.22
2016-05-29,532.26,516.05,77528.43
2016-05-30,528.92,532.26,114080.03
2016-05-31,537.4,528.92,72406.45
2016-06-01,537.1,537.4,52877.98
2016-06-02,567.03,537.1,106250.27
2016-06-03,571.95,567.03,87411.46
2016-06-04,574.91,571.95,64520.22
2016-06-05,583.58,574.91,63682.81
2016-06-06,575.58,583.58,84694.25
2016-06-07,580.51,575.58,49604.16
2016-06-08,574.69,580.51,48613.35
2016-06-09,577.89,574.69,45501.86
2016-06-10,591.6,577.89,42217.02
2016-06-11,666.55,591.6,217379.53
2016-06-12,700.07,666.55,216731.32
2016-06-13,685.14,700.07,135648.79
2016-06-14,690.77,685.14,78620.97
2016-06-15,761.21,690.77,229569.22
2016-06-16,743.9,761.21,215870.36
2016-06-17,753.77,743.9,120525.37
2016-06-18,761.04,753.77,60445.37
2016-06-19,733.97,761.04,112290.09
2016-06-20,667.38,733.97,248083.39
2016-06-21,590.56,667.38,202320.1
2016-06-22,620.84,590.56,261739.44
2016-06-23,656.89,620.84,196694.45
2016-06-24,663.52,656.89,100457.69
2016-06-25,625.41,663.52,88928.71
2016-06-26,644.66,625.41,99812.97
2016-06-27,644.89,644.66,76657.93
2016-06-28,636.54,644.89,80218.82
2016-06-29,670.02,636.54,88203.81
2016-06-30,674.57,670.02,92227.36
2016-07-01,698.06,674.57,67380.47
2016-07-02,661.64,698.06,99268.29
2016-07-03,675.16,661.64,63905.01
2016-07-04,663.67,675.16,54642.8
2016-07-05,672.7,663.67,47049.5
2016-07-06,635.25,672.7,153608.21
2016-07-07,662.78,635.25,75892.55
2016-07-08,651.83,662.78,96013.13
2016-07-09,647.11,651.83,29256.82
2016-07-10,646.71,647.11,45941.77
2016-07-11,670.56,646.71,66591.48
2016-07-12,661.15,670.56,62958.21
2016-07-13,657.25,661.15,48196.92
2016-07-14,664.2,657.25,35830.56
2016-07-15,660.69,664.2,20385.0
2016-07-16,676.33,660.69,46840.6
2016-07-17,670.38,676.33,42576.77
2016-07-18,671.1,670.38,30395.36
2016-07-19,664.4,671.1,37562.71
2016-07-20,664.62,664.4,32164.64
2016-07-21,651.11,664.62,65894.84
2016-07-22,655.16,651.11,29884.68
2016-07-23,659.29,655.16,29815.62
2016-07-24,654.0,659.29,34383.06
2016-07-25,654.38,654.0,49388.21
2016-07-26,654.54,654.38,29885.7
2016-07-27,654.13,654.54,28112.8
2016-07-28,655.43,654.13,27043.62
2016-07-29,654.74,655.43,19354.41
2016-07-30,621.87,654.74,62887.74
2016-07-31,607.0,621.87,66660.27
2016-08-01,513.43,607.0,130913.66
2016-08-02,566.44,513.43,85930.35
2016-08-03,576.22,566.44,44823.44
2016-08-04,574.66,576.22,27885.51
2016-08-05,586.45,574.66,25382.28
2016-08-06,590.85,586.45,26202.24
2016-08-07,589.24,590.85,24880.83
2016-08-08,585.25,589.24,25971.47
2016-08-09,590.94,585.25,49568.68
2016-08-10,587.84,590.94,39824.58
2016-08-11,587.14,587.84,25501.78
2016-08-12,584.59,587.14,19303.82
2016-08-13,569.06,584.59,33065.8
2016-08-14,566.95,569.06,33771.15
2016-08-15,580.19,566.95,37689.33
2016-08-16,572.34,580.19,32760.8
2016-08-17,573.39,572.34,30389.41
2016-08-18,574.56,573.39,25530.44
2016-08-19,582.61,574.56,23119.79
2016-08-20,580.66,582.61,14160.18
2016-08-21,587.47,580.66,33558.61
2016-08-22,583.56,587.47,32082.32
2016-08-23,579.66,583.56,28057.04
2016-08-24,577.96,579.66,32733.65
2016-08-25,579.37,577.96,21168.38
2016-08-26,570.35,579.37,18686.65
2016-08-27,574.98,570.35,12824.95
2016-08-28,574.23,574.98,23862.95
2016-08-29,577.32,574.23,27480.29
2016-08-30,573.88,577.32,24933.77
2016-08-31,571.99,573.88,25872.2
2016-09-01,575.29,571.99,26612.15
2016-09-02,598.84,575.29,35699.73
2016-09-03,609.55,598.84,30690.03
2016-09-04,605.76,609.55,25286.46
2016-09-05,610.44,605.76,24324.78
2016-09-06,613.21,610.44,30033.77
2016-09-07,625.57,613.21,36328.29
2016-09-08,623.16,625.57,28333.32
2016-09-09,624.52,623.16,15279.28
2016-09-10,605.61,624.52,36543.99
2016-09-11,607.98,605.61,27944.86
2016-09-12,608.61,607.98,27515.13
2016-09-13,609.54,608.61,24244.49
2016-09-14,608.11,609.54,22687.24
2016-09-15,607.78,608.11,21847.03
2016-09-16,607.08,607.78,15894.29
2016-09-17,610.7,607.08,16329.91
2016-09-18,609.85,610.7,21236.53
2016-09-19,609.24,609.85,22607.66
2016-09-20,597.16,609.24,36862.36
2016-09-21,595.63,597.16,22441.49
2016-09-22,602.92,595.63,25921.89
2016-09-23,602.59,602.92,13472.8
2016-09-24,601.49,602.59,13278.03
2016-09-25,606.54,601.49,27504.57
2016-09-26,605.47,606.54,25546.7
2016-09-27,604.67,605.47,18936.2
2016-09-28,604.7,604.67,25321.05
2016-09-29,608.14,604.7,23952.58
2016-09-30,613.41,608.14,16932.63
2016-10-01,610.69,613.41,16534.52
2016-10-02,611.6,610.69,21946.12
2016-10-03,608.96,611.6,24993.32
2016-10-04,611.82,608.96,23401.3
2016-10-05,610.97,611.82,21625.57
2016-10-06,616.03,610.97,32725.06
2016-10-07,617.65,616.03,13620.86
2016-10-08,615.77,617.65,13430.26
2016-10-09,617.29,615.77,25230.93
2016-10-10,640.45,617.29,55765.89
2016-10-11,635.99,640.45,26952.73
2016-10-12,635.6,635.99,25614.65
2016-10-13,637.92,635.6,31421.75
2016-10-14,637.03,637.92,12381.25
2016-10-15,640.12,637.03,12886.16
2016-10-16,637.37,640.12,27691.09
2016-10-17,635.34,637.37,24598.13
2016-10-18,629.06,635.34,35289.02
2016-10-19,628.34,629.06,20943.99
2016-10-20,630.45,628.34,28087.96
2016-10-21,655.48,630.45,37097.19
2016-10-22,653.03,655.48,21907.32
2016-10-23,650.49,653.03,33243.05
2016-10-24,651.0,650.49,36742.93
2016-10-25,674.67,651.0,47670.4
2016-10-26,682.3,674.67,46557.39
2016-10-27,686.24,682.3,38968.34
2016-10-28,714.95,686.24,54028.31
2016-10-29,697.27,714.95,39328.5
2016-10-30,698.67,697.27,38046.55
2016-10-31,726.76,698.67,68064.91
2016-11-01,733.51,726.76,39043.27
2016-11-02,684.87,733.51,96409.44
2016-11-03,702.08,684.87,48235.17
2016-11-04,702.11,702.08,22018.95
2016-11-05,709.91,702.11,25809.88
2016-11-06,705.4,709.91,30743.71
2016-11-07,710.9,705.4,39732.33
2016-11-08,721.42,710.9,70698.2
2016-11-09,714.57,721.42,33327.52
2016-11-10,714.97,714.57,25583.38
2016-11-11,704.27,714.97,27601.81
2016-11-12,701.97,704.27,36136.74
2016-11-13,704.56,701.97,37752.31
2016-11-14,711.1,704.56,41401.17
2016-11-15,740.28,711.1,79569.14
2016-11-16,737.53,740.28,62772.48
2016-11-17,746.96,737.53,39708.18
2016-11-18,747.89,746.96,25625.82
2016-11-19,728.51,747.89,47423.27
2016-11-20,736.19,728.51,32508.2
2016-11-21,749.34,736.19,44441.44
2016-11-22,741.07,749.34,37869.33
2016-11-23,735.31,741.07,37239.41
2016-11-24,740.39,735.31,28846.87
2016-11-25,734.14,740.39,22578.17
2016-11-26,729.42,734.14,21354.15
2016-11-27,733.3,729.42,34117.31
2016-11-28,732.56,733.3,32567.83
2016-11-29,742.49,732.56,39277.45
2016-11-30,752.63,742.49,54029.19
2016-12-01,770.94,752.63,63217.85
2016-12-02,764.24,770.94,38445.54
2016-12-03,766.39,764.24,19163.97
2016-12-04,754.34,766.39,51164.97
2016-12-05,758.21,754.34,33430.33
2016-12-06,765.56,758.21,34864.8
2016-12-07,768.49,765.56,28780.25
2016-12-08,770.48,768.49,24176.98
2016-12-09,774.0,770.48,18017.98
2016-12-10,767.91,774.0,17140.02
2016-12-11,778.47,767.91,28759.72
2016-12-12,778.74,778.47,33108.65
2016-12-13,776.5,778.74,24782.47
2016-12-14,775.21,776.5,26224.24
2016-12-15,782.05,775.21,27607.57
2016-12-16,787.17,782.05,23581.31
2016-12-17,789.01,787.17,14532.68
2016-12-18,789.79,789.01,25460.54
2016-12-19,799.1,789.79,34480.19
2016-12-20,829.21,799.1,65293.55
2016-12-21,860.15,829.21,70557.59
2016-12-22,917.17,860.15,102224.08
2016-12-23,891.07,917.17,46030.07
2016-12-24,891.07,891.07,42483.29
2016-12-25,898.38,891.07,38787.58
2016-12-26,925.78,898.38,49691.61
2016-12-27,972.17,925.78,77285.8
2016-12-28,971.08,972.17,61124.62
2016-12-29,959.04,971.08,70839.81
2016-12-30,963.38,959.04,27559.31
2016-12-31,995.44,963.38,41148.52
2017-01-01,1017.05,995.44,64951.63
2017-01-02,1033.3,1017.05,54788.01
2017-01-03,1135.41,1033.3,156272.17
2017-01-04,989.35,1135.41,240007.84
2017-01-05,886.16,989.35,194290.96
2017-01-06,888.87,886.16,130663.09
2017-01-07,900.86,888.87,76905.99
2017-01-08,899.78,900.86,62579.5
2017-01-09,904.37,899.78,53709.46
2017-01-10,785.43,904.37,194436.54
2017-01-11,810.11,785.43,120241.76
2017-01-12,824.83,810.11,89861.97
2017-01-13,819.63,824.83,44207.74
2017-01-14,821.17,819.63,24401.41
2017-01-15,827.34,821.17,33222.93
2017-01-16,899.66,827.34,82207.99
2017-01-17,872.03,899.66,69258.17
2017-01-18,895.21,872.03,58440.87
2017-01-19,892.91,895.21,38865.48
2017-01-20,919.84,892.91,40378.21
2017-01-21,918.84,919.84,47927.32
2017-01-22,921.46,918.84,32744.43
2017-01-23,893.75,921.46,58874.32
2017-01-24,894.41,893.75,37902.18
2017-01-25,915.56,894.41,33800.2
2017-01-26,918.01,915.56,30968.49
2017-01-27,918.51,918.01,14307.36
2017-01-28,914.55,918.51,11052.31
2017-01-29,920.73,914.55,19062.15
2017-01-30,965.49,920.73,54670.21
2017-01-31,982.43,965.49,45223.3
2017-02-01,1003.97,982.43,50863.87
2017-02-02,1013.02,1003.97,61671.88
2017-02-03,1031.85,1013.02,39461.62
2017-02-04,1016.11,1031.85,31058.49
2017-02-05,1024.67,1016.11,32019.82
2017-02-06,1049.56,1024.67,39553.25
2017-02-07,1055.49,1049.56,65145.12
2017-02-08,978.96,1055.49,146746.26
2017-02-09,997.61,978.96,62132.99
2017-02-10,1008.32,997.61,28319.39
2017-02-11,996.52,1008.32,14750.39
2017-02-12,995.36,996.52,32908.63
2017-02-13,1008.34,995.36,39537.9
2017-02-14,1008.19,1008.34,23359.15
2017-02-15,1031.93,1008.19,38080.21
2017-02-16,1049.41,1031.93,45711.79
2017-02-17,1052.28,1049.41,25362.02
2017-02-18,1048.89,1052.28,17953.15
2017-02-19,1077.56,1048.89,31010.85
2017-02-20,1119.03,1077.56,57048.87
2017-02-21,1120.46,1119.03,47913.31
2017-02-22,1171.91,1120.46,65737.1
2017-02-23,1176.49,1171.91,108170.88
2017-02-24,1149.05,1176.49,45860.52
2017-02-25,1171.58,1149.05,30764.77
2017-02-26,1188.83,1171.58,35468.84
2017-02-27,1189.27,1188.83,50579.83
2017-02-28,1222.66,1189.27,51153.83
2017-03-01,1255.47,1222.66,78492.01
2017-03-02,1283.3,1255.47,67275.49
2017-03-03,1264.32,1283.3,38418.2
2017-03-04,1271.22,1264.32,25430.23
2017-03-05,1277.01,1271.22,31026.9
2017-03-06,1232.69,1277.01,87722.01
2017-03-07,1146.97,1232.69,97875.25
2017-03-08,1191.33,1146.97,59860.55
2017-03-09,1112.39,1191.33,190472.52
2017-03-10,1179.22,1112.39,70747.22
2017-03-11,1225.11,1179.22,44412.09
2017-03-12,1238.19,1225.11,60460.94
2017-03-13,1243.14,1238.19,45142.05
2017-03-14,1253.43,1243.14,43592.4
2017-03-15,1172.88,1253.43,132773.3
2017-03-16,1071.71,1172.88,163739.0
2017-03-17,971.38,1071.71,210424.36
2017-03-18,1022.6,971.38,106444.72
2017-03-19,1047.51,1022.6,61431.4
2017-03-20,1121.29,1047.51,92591.27
2017-03-21,1044.72,1121.29,115286.08
2017-03-22,1035.03,1044.72,56517.89
2017-03-23,939.7,1035.03,132599.72
2017-03-24,966.3,939.7,127044.59
2017-03-25,969.44,966.3,85332.41
2017-03-26,1045.14,969.44,91256.43
2017-03-27,1044.42,1045.14,80000.9
2017-03-28,1041.9,1044.42,68852.51
2017-03-29,1037.91,1041.9,74984.88
2017-03-30,1079.11,1037.91,90987.94
2017-03-31,1086.12,1079.11,50658.36
2017-04-01,1097.4,1086.12,70980.71
2017-04-02,1147.56,1097.4,98499.3
2017-04-03,1141.77,1147.56,70998.95
2017-04-04,1129.87,1141.77,69469.37
2017-04-05,1188.7,1129.87,92357.58
2017-04-06,1190.49,1188.7,59746.57
2017-04-07,1180.78,1190.49,33180.63
2017-04-08,1204.34,1180.78,45351.08
2017-04-09,1206.71,1204.34,40013.05
2017-04-10,1220.74,1206.71,37394.78
2017-04-11,1212.53,1220.74,44783.23
2017-04-12,1176.2,1212.53,66051.93
2017-04-13,1177.33,1176.2,47217.49
2017-04-14,1176.99,1177.33,28384.58
2017-04-15,1176.8,1176.99,18930.29
2017-04-16,1194.01,1176.8,46483.54
2017-04-17,1206.09,1194.01,52747.52
2017-04-18,1215.2,1206.09,43347.15
2017-04-19,1238.09,1215.2,55194.86
2017-04-20,1249.64,1238.09,41344.02
2017-04-21,1240.89,1249.64,43814.59
2017-04-22,1249.14,1240.89,42608.01
2017-04-23,1248.18,1249.14,38542.24
2017-04-24,1264.31,1248.18,43885.78
2017-04-25,1286.63,1264.31,58908.66
2017-04-26,1332.91,1286.63,61771.48
2017-04-27,1329.62,1332.91,77569.41
2017-04-28,1336.28,1329.62,40969.34
2017-04-29,1351.91,1336.28,40643.04
2017-04-30,1415.81,1351.91,100438.27
2017-05-01,1445.93,1415.81,70004.82
2017-05-02,1485.55,1445.93,81717.36
2017-05-03,1516.76,1485.55,136711.3
2017-05-04,1507.77,1516.76,120379.24
2017-05-05,1545.29,1507.77,59602.01
2017-05-06,1554.45,1545.29,71355.58
2017-05-07,1664.47,1554.45,107226.89
2017-05-08,1697.5,1664.47,127228.68
2017-05-09,1752.31,1697.5,89679.81
2017-05-10,1819.29,1752.31,109009.0
2017-05-11,1686.39,1819.29,109341.25
2017-05-12,1763.74,1686.39,75467.87
2017-05-13,1772.55,1763.74,40635.4
2017-05-14,1708.92,1772.55,80241.72
2017-05-15,1729.34,1708.92,75541.37
2017-05-16,1801.3,1729.34,94618.69
2017-05-17,1880.99,1801.3,73095.54
2017-05-18,1962.0,1880.99,98759.13
2017-05-19,2040.18,1962.0,89862.03
2017-05-20,2044.19,2040.18,78775.32
2017-05-21,2124.41,2044.19,174376.65
2017-05-22,2272.58,2124.41,114179.23
2017-05-23,2445.28,2272.58,149254.84
2017-05-24,2307.22,2445.28,248438.97
2017-05-25,2244.89,2306.96,191494.03
2017-05-26,2052.43,2244.89,222952.91
2017-05-27,2189.02,2052.43,125004.39
2017-05-28,2278.21,2189.02,92235.69
2017-05-29,2192.55,2278.21,120964.11
2017-05-30,2303.34,2192.55,117749.1
2017-05-31,2412.65,2303.34,122696.44
2017-06-01,2492.6,2412.65,83028.45
2017-06-02,2545.43,2492.6,70956.49
2017-06-03,2524.06,2545.43,59478.96
2017-06-04,2704.96,2524.06,86686.38
2017-06-05,2870.5,2704.96,192228.25
2017-06-06,2691.51,2870.5,122676.04
2017-06-07,2798.78,2691.51,95420.44
2017-06-08,2811.43,2798.78,67044.96
2017-06-09,2900.25,2811.43,86516.58
2017-06-10,2973.45,2900.25,83026.07
2017-06-11,2656.77,2973.45,217963.32
2017-06-12,2712.99,2656.77,116738.08
2017-06-13,2467.27,2712.99,174189.24
2017-06-14,2442.46,2467.27,262787.33
2017-06-15,2508.58,2442.46,117206.43
2017-06-16,2655.1,2508.58,95948.29
2017-06-17,2539.56,2655.1,92004.22
2017-06-18,2616.82,2539.56,81829.22
2017-06-19,2754.38,2616.82,111303.55
2017-06-20,2677.62,2754.38,116033.61
2017-06-21,2722.84,2677.62,78297.6
2017-06-22,2710.37,2722.84,56938.1
2017-06-23,2590.05,2710.37,86964.18
2017-06-24,2541.62,2590.05,86972.43
2017-06-25,2446.05,2541.62,165825.86
2017-06-26,2583.75,2446.05,159263.78
2017-06-27,2577.74,2583.75,110423.89
2017-06-28,2558.37,2577.74,75323.92
2017-06-29,2480.61,2558.37,73001.6
2017-06-30,2424.61,2480.61,66319.98
2017-07-01,2536.46,2424.61,67757.31
2017-07-02,2572.47,2536.46,83418.16
2017-07-03,2617.32,2572.47,80675.07
2017-07-04,2627.86,2617.32,89719.19
2017-07-05,2614.24,2627.86,60155.45
2017-07-06,2513.88,2614.24,90447.94
2017-07-07,2564.86,2513.88,54508.76
2017-07-08,2511.43,2564.86,39161.96
2017-07-09,2344.02,2511.43,123797.54
2017-07-10,2324.29,2344.02,146630.2
2017-07-11,2403.09,2324.29,109522.9
2017-07-12,2362.44,2403.09,88166.37
2017-07-13,2234.17,2362.44,114411.35
2017-07-14,1975.08,2234.17,155317.39
2017-07-15,1914.09,1975.08,189643.47
2017-07-16,2233.39,1914.09,176887.53
2017-07-17,2320.23,2233.39,202621.16
2017-07-18,2282.58,2320.23,154319.01
2017-07-19,2866.02,2282.58,310335.43
2017-07-20,2675.08,2866.02,193756.93
2017-07-21,2836.53,2675.08,121917.95
2017-07-22,2756.61,2836.53,108229.76
2017-07-23,2763.42,2756.61,83009.25
2017-07-24,2582.58,2763.42,205883.15
2017-07-25,2559.21,2582.58,135502.93
2017-07-26,2691.88,2559.21,103832.54
2017-07-27,2806.75,2691.88,138904.86
2017-07-28,2733.5,2806.75,84491.69
2017-07-29,2766.49,2733.5,82717.65
2017-07-30,2883.27,2766.49,91115.22
2017-07-31,2746.99,2883.27,123174.1
2017-08-01,2720.53,2746.99,81817.6
2017-08-02,2809.99,2720.53,68102.9
2017-08-03,2878.49,2809.99,68760.4
2017-08-04,3262.8,2878.49,159402.96
2017-08-05,3232.03,3262.8,60660.39
2017-08-06,3401.91,3232.03,88111.88
2017-08-07,3429.38,3401.91,106940.67
2017-08-08,3348.79,3429.38,97062.76
2017-08-09,3425.67,3348.79,71000.32
2017-08-10,3654.37,3425.67,97564.43
2017-08-11,3871.62,3654.37,123593.57
2017-08-12,4062.6,3871.62,158586.97
2017-08-13,4327.94,4062.6,128460.0
2017-08-14,4161.66,4327.94,211581.81
2017-08-15,4387.4,4161.66,112901.04
2017-08-16,4278.92,4387.4,127475.88
2017-08-17,4105.37,4278.92,144398.64
2017-08-18,4150.45,4105.37,113724.38
2017-08-19,4066.6,4150.45,70163.05
2017-08-20,4005.1,4066.6,90644.62
2017-08-21,4089.7,4005.1,169138.73
2017-08-22,4141.09,4089.7,96649.15
2017-08-23,4318.35,4141.09,72358.36
2017-08-24,4364.41,4318.35,82901.88
2017-08-25,4352.3,4364.41,46159.77
2017-08-26,4345.75,4352.3,42516.01
2017-08-27,4390.31,4345.75,75486.08
2017-08-28,4597.31,4390.31,100801.36
2017-08-29,4583.02,4597.31,68471.63
2017-08-30,4735.11,4583.02,72293.57
2017-08-31,4921.85,4735.11,102012.79
2017-09-01,4573.8,4921.85,160770.39
2017-09-02,4612.92,4573.8,102823.39
2017-09-03,4267.45,4612.92,170399.25
2017-09-04,4409.08,4267.45,158410.81
2017-09-05,4618.71,4409.08,110931.13
2017-09-06,4635.6,4618.71,70531.23
2017-09-07,4326.45,4635.6,180364.02
2017-09-08,4335.13,4326.45,77087.34
2017-09-09,4245.89,4335.13,108075.24
2017-09-10,4217.9,4245.89,88757.81
2017-09-11,4158.92,4217.9,107041.94
2017-09-12,3870.29,4158.92,186540.37
2017-09-13,3243.08,3870.29,317592.57
2017-09-14,3713.76,3243.08,448551.92
2017-09-15,3698.92,3713.76,169361.61
2017-09-16,3689.61,3698.92,96068.08
2017-09-17,4100.28,3689.61,147927.08
2017-09-18,3907.96,4100.28,123214.81
2017-09-19,3882.16,3907.96,86645.15
2017-09-20,3617.27,3882.16,145124.78
2017-09-21,3600.83,3617.27,114717.36
2017-09-22,3788.02,3600.83,67820.32
2017-09-23,3667.52,3788.02,49661.76
2017-09-24,3932.83,3667.52,100194.7
2017-09-25,3892.7,3932.83,63252.3
2017-09-26,4212.2,3892.7,117596.07
2017-09-27,4195.65,4212.2,92228.17
2017-09-28,4172.79,4195.65,97803.91
2017-09-29,4360.62,4172.79,67493.68
2017-09-30,4403.09,4360.62,60583.85
2017-10-01,4401.32,4403.09,71201.48
2017-10-02,4314.18,4401.32,81867.3
2017-10-03,4218.66,4314.18,64081.96
2017-10-04,4321.44,4218.66,63613.2
2017-10-05,4371.94,4321.44,61692.93
2017-10-06,4435.81,4371.94,40202.08
2017-10-07,4611.7,4435.81,71366.95
2017-10-08,4777.49,4611.7,110191.77
2017-10-09,4763.36,4777.49,98485.0
2017-10-10,4824.2,4763.36,70482.75
2017-10-11,5432.62,4824.2,163916.09
2017-10-12,5637.26,5432.62,215018.92
2017-10-13,5824.71,5637.26,76224.35
2017-10-14,5688.14,5824.71,101636.95
2017-10-15,5759.33,5677.35,61358.95
2017-10-16,5598.58,5759.25,65637.43
2017-10-17,5575.83,5598.58,122020.31
2017-10-18,5698.65,5576.71,83056.09
2017-10-19,5993.11,5698.62,123860.51
2017-10-20,6006.65,5993.11,112943.89
2017-10-21,5982.86,6006.65,105030.93
2017-10-22,5903.61,5982.86,137140.4
2017-10-23,5513.08,5903.61,143735.81
2017-10-24,5734.0,5513.08,105839.48
2017-10-25,5887.61,5734.0,93675.55
2017-10-26,5764.56,5887.62,83933.5
2017-10-27,5726.61,5764.56,53232.17
2017-10-28,6147.52,5726.61,163055.75
2017-10-29,6124.28,6147.7,78624.31
2017-10-30,6451.24,6124.28,101249.62
2017-10-31,6737.78,6449.1,133191.93
2017-11-01,7024.81,6737.78,238796.19
2017-11-02,7152.12,7024.81,154886.75
2017-11-03,7363.8,7146.98,106602.67
2017-11-04,7389.55,7363.8,105727.2
2017-11-05,6959.23,7389.55,159688.48
2017-11-06,7102.75,6959.27,101044.57
2017-11-07,7444.36,7102.23,220224.38
2017-11-08,7129.59,7444.36,126769.9
2017-11-09,6565.8,7129.59,222001.18
2017-11-10,6339.86,6565.8,135719.07
2017-11-11,5878.13,6339.87,269832.87
2017-11-12,6522.45,5878.09,178340.89
2017-11-13,6597.06,6522.45,96502.09
2017-11-14,7283.22,6597.06,131120.23
2017-11-15,7853.68,7283.02,133937.8
2017-11-16,7699.95,7853.68,117347.03
2017-11-17,7780.91,7699.95,74382.12
2017-11-18,8042.64,7781.02,68618.85
2017-11-19,8244.69,8042.64,75703.64
2017-11-20,8099.97,8245.87,115454.28
2017-11-21,8234.55,8099.92,65811.68
2017-11-22,8013.41,8234.5,68010.7
2017-11-23,8200.8,8013.38,72994.63
2017-11-24,8754.69,8203.45,84670.41
2017-11-25,9318.42,8754.62,85891.98
2017-11-26,9733.2,9318.42,106902.79
2017-11-27,9906.04,9732.63,87754.89
2017-11-28,9837.86,9906.04,233325.32
2017-11-29,9946.76,9848.05,187008.87
2017-11-30,10861.47,9947.08,131918.85
2017-12-01,10912.73,10861.47,86825.51
2017-12-02,11246.21,10912.72,122125.7
2017-12-03,11623.91,11244.2,93173.9
2017-12-04,11667.13,11624.37,89687.21
2017-12-05,13749.57,11667.13,191576.66
2017-12-06,16850.31,13750.09,297108.66
2017-12-07,16047.61,16867.98,286762.02
2017-12-08,14843.42,16048.18,181979.81
2017-12-09,15059.6,14839.98,201620.09
2017-12-10,16732.47,15060.45,159724.56
2017-12-11,17083.9,16733.29,132846.57
2017-12-12,16286.82,17083.9,155407.35
2017-12-13,16467.91,16286.82,107918.03
2017-12-14,17604.85,16467.91,153651.15
2017-12-15,19345.49,17594.08,112173.97
2017-12-16,19065.71,19346.6,117408.38
2017-12-17,18972.32,19065.71,139251.39
2017-12-18,17523.7,18971.19,174543.37
2017-12-19,16461.97,17521.73,227676.13
2017-12-20,15632.12,16461.09,163735.02
2017-12-21,13664.97,15632.12,466980.6
2017-12-22,14396.46,13664.97,170169.39
2017-12-23,13789.95,14396.63,182417.29
2017-12-24,13833.49,13789.95,107475.98
2017-12-25,15756.56,13830.19,143135.26
2017-12-26,15416.64,15757.02,138705.28
2017-12-27,14398.7,15416.34,170366.63
2017-12-28,14392.57,14398.45,118874.63
2017-12-29,12531.52,14392.14,182065.44
2017-12-30,13850.4,12532.38,111270.55
2017-12-31,13444.88,13850.49,78425.21
2018-01-01,14754.13,13444.88,137732.17
2018-01-02,15156.62,14754.09,106543.39
2018-01-03,15180.08,15156.49,110968.82
2018-01-04,16954.78,15180.08,141960.42
2018-01-05,17172.3,16954.76,83927.99
2018-01-06,16228.16,17174.5,79006.37
2018-01-07,14976.17,16228.26,142453.96
2018-01-08,14468.5,14976.17,99730.65
2018-01-09,14919.49,14468.09,142303.9
2018-01-10,13308.06,14920.36,173452.27
2018-01-11,13841.19,13308.06,102068.02
2018-01-12,14243.12,13841.19,71300.93
2018-01-13,13638.63,14244.12,81536.0
2018-01-14,13631.98,13638.63,84089.84
2018-01-15,11282.49,13634.6,325702.79
2018-01-16,11162.7,11282.49,348631.94
2018-01-17,11175.52,11162.7,204918.02
2018-01-18,11521.76,11175.52,110885.87
2018-01-19,12783.94,11521.82,119084.84
2018-01-20,11549.93,12783.54,130427.64
2018-01-21,10814.52,11549.98,165723.08
2018-01-22,10858.23,10814.52,158868.59
2018-01-23,11429.02,10853.78,115804.82
2018-01-24,11175.87,11428.11,93317.76
2018-01-25,11104.2,11175.87,142350.84
2018-01-26,11459.71,11104.34,90873.81
2018-01-27,11767.74,11460.39,87917.22
2018-01-28,11233.95,11767.74,80713.7
2018-01-29,10107.26,11234.32,164072.93
2018-01-30,10226.86,10107.4,122260.49
2018-01-31,9114.72,10226.86,208918.8
2018-02-01,8870.82,9114.73,322596.22
2018-02-02,9251.27,8872.87,139226.07
2018-02-03,8218.05,9251.27,164609.06
2018-02-04,6937.08,8218.05,341828.54
2018-02-05,7701.25,6936.43,495883.24
2018-02-06,7592.72,7701.25,271450.37
2018-02-07,8260.69,7593.78,193040.33
2018-02-08,8696.83,8259.26,162279.68
2018-02-09,8569.29,8696.83,155616.78
2018-02-10,8084.61,8569.32,123293.84
2018-02-11,8911.27,8084.61,124923.98
2018-02-12,8544.69,8911.17,98632.88
2018-02-13,9485.64,8544.69,133702.54
2018-02-14,10033.75,9485.64,168776.78
2018-02-15,10188.73,10033.75,105556.67
2018-02-16,11097.21,10188.73,123660.48
2018-02-17,10417.23,11097.21,154431.22
2018-02-18,11171.63,10418.12,106308.1
2018-02-19,11179.61,11171.63,0.0
